id,brand,car_model,type,desc,problem,datetime,status
568936,一汽-大众,速腾,2020款 280TSI DSG 舒适型 国VI,一汽大众速腾发动机运转时汽油箱存在异响,"H147,",2021-01-30,信息审核
568935,东风日产,逍客,2021款 2.0L CVT 豪华版,东风日产逍客行驶中车身共振发动机噪音大	,"A38,H268,",2021-01-30,信息审核
568934,上汽大众,途观L,2019款 280TSI 自动 两驱 全景舒适版 国V,上汽大众途观L行驶过程中变速箱异响顿挫,"B33,B19,",2021-01-30,信息审核
568932,北京奔驰,奔驰GLC,2020款 改款 GLC 260 L 4MATIC 动感型,北京奔驰GLC刹车异响影响到正常用车	,"E43,",2021-01-30,信息审核
568913,一汽丰田,卡罗拉,2021款 1.2T S-CVT 先锋版,一汽丰田卡罗拉变速箱顿挫异响越来越严重,"B33,B19,",2021-01-30,信息审核
568907,奇瑞汽车,捷途X70,2018款 1.5T 手动 畅行版,捷途X70 4S店安装底护板磨损油底壳,"A9,H157,",2021-01-30,信息审核
568906,北京现代,索纳塔,2011款 2.0 DLX尊贵版,北京现代索纳塔八车门生锈非常严重,"H79,",2021-01-30,信息审核
568893,上汽大众,朗逸,2019款 朗逸启航 1.5L 自动 风尚版 国VI,上汽大众朗逸4S店销售库存车多处老化,"M283,",2021-01-30,信息审核
568876,东风本田,本田CR-V,2021款 锐·混动 2.0L 两驱 净驰版,东风本田CR-V低速行驶时汽油箱有异响,"H147,",2021-01-30,信息审核
568875,东风日产,奇骏,2020款 2.0L XL ITS CVT 2WD 智联舒适版,东风日产奇骏4S店态度恶劣 配置与宣传不符,"I293,M279,",2021-01-30,信息审核
568872,长安马自达,马自达3 昂克赛拉,2020款 2.0L 自动 质炫版,长安马自达昂克赛拉普利司通轮胎鼓包,"F39,",2021-01-30,信息审核
568870,东风日产,奇骏,2017款 2.0L CVT 智享版 5座 2WD,东风日产奇骏变速箱无法加速希望厂家处理,"B334,",2021-01-30,信息审核
568867,广汽本田,凌派,2015款 1.8 自动 豪华版,广汽本田凌派车身锈蚀厂家拒绝处理	,"H79,",2021-01-30,信息审核
568865,东风日产,天籁,2020款 2.0L XL Upper 智行版,东风日产天籁车载智联无法使用厂家不处理,"H155,M279,",2021-01-30,信息审核
568861,长安汽车,奔奔,2014款 1.4L 手动 天窗版,长安奔奔漆面鼓包生锈希望厂家处理问题,"H79,H81,",2021-01-30,处理反馈
568860,东风标致,标致408,2014款 1.8L 自动 豪华版,东风标致408发动机烧机油 减震器异响,"A63,G52,",2021-01-30,信息审核
568857,奇瑞汽车,艾瑞泽7,2013款 1.6L CVT 致尚版,奇瑞艾瑞泽7车门严重生锈希望厂家处理,"H79,",2021-01-30,信息审核
568856,上汽集团,荣威RX8,2018款 30T 两驱 旗舰版,上汽荣威RX8方向盘异响厂家不给解决,"A24,D59,H268,",2021-01-30,信息审核
568854,一汽-大众捷达,捷达VS5,2019款 280TSI 自动 荣耀型,捷达VS5发动机异响希望厂家处理问题,"A9,",2021-01-30,信息审核
568852,一汽-大众奥迪,奥迪A4L,2020款 40 TFSI 豪华动感型,一汽大众奥迪A4L前大灯内部出现胶痕,"H220,",2021-01-30,信息审核
568850,东风日产,启辰D60,2019款 十万荣耀 1.6L XL CVT 辰酷版 国V,启辰D60发动机异响厂家故意不解决问题,"A9,",2021-01-30,信息审核
568849,广汽本田,冠道,2020款 370TURBO 两驱 豪华版,广汽本田冠道发动机漏油存在质量问题,"A12,",2021-01-30,信息审核
568846,斯巴鲁,森林人,2021款 2.0i 豪华版,斯巴鲁森林人汽油颗粒传感器有故障,"A34,A114,H234,",2021-01-30,信息审核
568840,长安汽车,长安CS35,2016款 1.6L 手动 豪华型 国IV,长安CS35车身生锈严重漆面起泡脱落,"H79,H81,",2021-01-30,处理反馈
568837,江铃福特,途睿欧,2017款 2.0T 自动 精睿版,江铃福特途睿欧电瓶亏电导致无法启动,"H146,",2021-01-30,信息审核
568832,广汽丰田,雷凌,2019款 185T CVT 进取版 国VI,广汽丰田雷凌变速箱顿挫转向以及中控台异响,"B19,D59,H72,H93,",2021-01-30,信息审核
568828,一汽-大众奥迪,奥迪Q5,2013款 40 TFSI 自动 舒适型,一汽大众奥迪Q5天窗异响希望厂家处理,"H89,",2021-01-30,信息审核
568826,奇瑞汽车,瑞虎8,2019款 1.6TGDI 自动 时尚型,奇瑞瑞虎8方向盘爆皮中控黑屏质量差,"B33,B20,E43,H134,H168,H67,",2021-01-30,信息审核
568824,东风日产,天籁,2020款 2.0T XL Upper AD1 智享领航版,东风日产天籁变速箱顿挫发动机抖动,"A9,A24,B19,",2021-01-30,信息审核
568822,长城汽车,哈弗H6 Coupe,2016款 1.5T 自动 两驱精英型,哈弗H6 Coupe发动机怠速时出现异响,"A9,",2021-01-30,处理反馈
568819,北京现代,朗动,2016款 1.6L 自动 尊贵型,北京现代朗动出现交通事故气囊未弹开,"H103,",2021-01-30,信息审核
568815,长安福特,探险者,2020款 EcoBoost 285 四驱 运动版ST-LINE 6座,长安福特探险者油箱有异响希望厂家处理,"H147,",2021-01-30,处理反馈
568814,吉利汽车,嘉际,2019款 1.5TD 手动 舒享型,吉利嘉际厂家销售承诺现金未返还,"L313,",2021-01-30,信息审核
568812,长安马自达,马自达CX-5,2020款 改款 2.0L 自动 两驱 智尊型,长安马自达CX-5变速箱异响希望厂家处理,"B33,",2021-01-30,信息审核
568810,上汽大众,Polo,2018款 1.5L 自动 安享型,上汽大众POLO变速箱异响维修未解决问题,"B33,",2021-01-30,信息审核
568807,一汽丰田,亚洲龙,2019款 双擎 2.5L XLE 尊贵版 国V,一汽丰田亚洲龙天窗和车内异响严重,"H164,H89,",2021-01-30,信息审核
568804,上汽大众,途观L新能源,2021款 430PHEV 插电混动 尊贵版,上汽大众途观L新能源经销商恶意强制销售,"K325,",2021-01-30,信息审核
568802,东风日产,阳光,2011款 1.5L CVT XV 尊贵版,东风日产阳光故障灯亮发动机故障灯亮,"A34,",2021-01-30,信息审核
568801,一汽-大众奥迪,奥迪A6L新能源,2020款 55 TFSI e quattro,一汽大众奥迪A6L仪表盘损坏希望厂家质保,"H202,N318,",2021-01-30,信息审核
568799,上汽大通,上汽大通MAXUS G10,2018款 1.9T 自动 精英版 PLUS 柴油,上汽MAXUS G10发动机异响希望厂家处理,"A9,",2021-01-30,处理反馈
568794,一汽-大众,宝来,2021款 1.5L 自动 舒适智联版,一汽大众宝来N挡停车后钥匙能拔出,"H119,",2021-01-30,信息审核
568790,东风日产,奇骏,2017款 2.0L CVT 舒适版 5座 2WD,东风日产奇骏售后保养无故更换冷却液盖,"J299,",2021-01-30,信息审核
568788,江淮汽车,嘉悦A5,2020款 1.5T CVT 精英型,江淮嘉悦A5发动机怠速抖动希望厂家处理,"A24,",2021-01-30,信息审核
568787,知豆电动车,知豆D2,2016款 D2,知豆D2动力电池故障无法正常行驶,"H343,",2021-01-30,信息审核
568784,广汽丰田,雷凌,2019款 185T CVT 豪华版 国VI,广汽丰田雷凌低速行驶变速箱异响顿挫,"B33,B19,",2021-01-30,信息审核
568783,一汽-大众,速腾,2018款 1.6L 自动 舒适型,一汽大众速腾行驶中变速箱顿挫严重,"B19,",2021-01-30,信息审核
568782,上汽大众,途观L,2020款 330TSI 自动 两驱 全景舒适版 国VI,上汽大众途观L启停失灵 油耗高 车身异响,"A85,H15,H263,",2021-01-30,信息审核
568778,北京现代,领动,2020款 1.4T 双离合 炫动·活力型,北京现代领动行驶中方向跑偏转向异响,"D59,G117,",2021-01-30,信息审核
568775,上汽大众,桑塔纳,2019款 1.5L 手动 风尚版 国VI,上汽大众桑塔纳刹车盘生锈销售商出售库存车,"E42,M284,M283,",2021-01-30,信息审核
568771,一汽-大众,高尔夫·嘉旅,2016款 1.6L 自动 舒适型,一汽大众高尔夫嘉旅变速箱换挡机构故障,"B20,B96,B84,",2021-01-30,信息审核
568766,一汽-大众,探岳,2019款 征途版 280TSI 两驱 豪华型 国Ⅵ,一汽大众探岳大灯有白雾希望厂家处理,"H82,",2021-01-30,信息审核
568765,东风日产,奇骏,2019款 2.0L CVT 智联舒适版 5座 2WD,东风日产奇骏发动机异响希望厂家处理,"A9,",2021-01-30,信息审核
568762,上汽大众,Polo,2019款 Plus 1.5L 自动 全景乐享版,上汽大众Polo领取新年红包无法使用,"L313,",2021-01-30,信息审核
568761,广汽丰田,雷凌,2017款 1.8H GS CVT 精英天窗版 国V 改款 双擎,广汽丰田雷凌出现交通事故安全气囊未弹开,"H55,",2021-01-30,信息审核
568757,吉利汽车,远景X6,2016款 1.3T CVT 豪华型,吉利远景X6变速箱无法加速希望厂家处理,"B334,N317,",2021-01-29,信息审核
568756,BEIJING汽车,绅宝X35,2016款 1.5L 手动 精英版,绅宝X35转向异响卡顿换件未解决问题,"D59,D123,",2021-01-29,信息审核
568752,长安汽车,长安CS55,2017款 1.5T 手动 炫色型,长安CS55中控台异响希望厂家处理问题,"H93,",2021-01-29,处理反馈
568751,东风本田,本田CR-V,2017款 240TURBO 自动 四驱 尊贵版,东风本田CR-V刹车不线性 自动驻车反应滞后,"E269,H170,",2021-01-29,处理反馈
568749,广汽三菱,劲炫ASX,2013款 2.0L 手动 两驱 舒适版,广汽三菱劲炫发动机舱异响希望厂家处理,"A9,",2021-01-29,厂家受理
568747,SWM斯威汽车,SWM斯威X7,2017款 1.5T 自动 智尊型 7座,斯威X7减震器异响希望厂家质保处理,"G52,I297,",2021-01-29,信息审核
568746,一汽-大众奥迪,奥迪A6L,2021款 40 TFSI 豪华动感型,一汽大众奥迪A6L低速松油门自动加速,"B115,",2021-01-29,信息审核
568743,东风标致,标致408,2016款 1.6T 自动 豪华版,东风标致408电瓶故障导致发动机无法启动,"H146,H110,",2021-01-29,信息审核
568739,东风本田,INSPIRE,2019款 锐·混动 2.0L 净尚版 国VI,东风本田INSPIRE发动机渗油希望厂家处理,"A12,",2021-01-29,处理反馈
568738,一汽-大众,T-ROC探歌,2020款 280TSI DSG 两驱 豪华型,一汽大众探歌行驶中转向锁死存在质量问题,"D123,D57,",2021-01-29,信息审核
568735,沃尔沃（进口）,沃尔沃XC90,2021款 B6 智逸豪华版 7座,进口沃尔沃XC90发动机故障灯亮希望厂家处理,"A34,",2021-01-29,信息审核
568732,广汽本田,飞度,2014款 1.5L CVT LX舒适型,广汽本田飞度冷车启动困难有异响现象,"A9,A44,",2021-01-29,信息审核
568730,东风乘用车,风神AX7,2016款 2.0L 自动 智逸型,东风风神AX7发动机噪音大方向盘抖动油耗高,"A38,A163,D80,E47,",2021-01-29,用户评分
568723,一汽奔腾,奔腾T77,2019款 230 TID 自动 尊享型 国VI,一汽奔腾T77行驶过程中自动断油故障灯亮,"A34,A255,",2021-01-29,处理反馈
568722,长安汽车,悦翔V5,2012款 1.5L 手动 梦幻型 国IV,长安悦翔V5车身和底边起泡生锈希望厂家处理,"H81,",2021-01-29,处理反馈
568721,一汽-大众,探岳,2020款 280TSI 两驱 豪华智联版,一汽大众探岳车灯不亮影响夜间使用,"H82,",2021-01-29,信息审核
568716,福田汽车,图雅诺,2019款 2.8T 厢式 货车 长轴 中顶 4J28TC3,福田图雅诺变速箱无法加速存在安全隐患,"B334,",2021-01-29,信息审核
568712,北京现代,领动,2019款 1.4T 双离合 炫动·活力型,北京现代领动机油增多噪音大起步无力,"A339,A38,A163,",2021-01-29,信息审核
568710,广汽丰田,凯美瑞,2015款 2.0G 自动 领先版,广汽丰田凯美瑞半轴防尘套漏油严重,"G51,",2021-01-29,信息审核
568705,东风日产,轩逸,2019款 1.6XV CVT 智联尊享版 国V,东风日产轩逸中控屏重启无故关闭,"H134,",2021-01-29,信息审核
568701,长城汽车,风骏7,2019款 2.0T 汽油 两驱 精英型 国VI 大双 GW4C20B,长城风骏7涡轮增压故障有故障灯亮,"A189,",2021-01-29,处理反馈
568700,吉利汽车,嘉际,2019款 1.5TD MHEV DCT 耀享型,吉利嘉际变速箱和转向系统以及中控台异响,"B33,D59,E43,H93,",2021-01-29,信息审核
568697,林肯（进口）,林肯MKZ,2017款 2.0H E-CVT 尊享版,进口林肯MKZ防冻液渗漏希望厂家处理问题,"A24,A37,A191,",2021-01-29,信息审核
568696,观致汽车,观致5,2019款 观致5S 1.6T GDI 尊贵型,观致5电瓶故障需要更换电瓶极板,"H146,",2021-01-29,信息审核
568692,东南汽车,东南DX7,2015款 1.5T  手动 启航型,东南DX7行驶时电子刹车故障无法解锁,"E159,",2021-01-29,信息审核
568691,长安汽车,长安欧尚科赛,2020款 GT 2.0T 自动 时尚智联型 7座,长安欧尚科赛App控制天窗失灵车内饰开裂,"H155,H168,",2021-01-29,处理反馈
568684,广汽本田,冠道,2017款 370TURBO 自动 四驱 尊享版,广汽本田冠道变速箱换挡顿挫存在质量问题,"B19,",2021-01-29,信息审核
568682,长安汽车,长安欧尚科赛,2020款 GT 2.0T 自动 时尚智联型 7座,长安欧尚科赛APP控制天窗失灵内装饰板开裂,"H155,H168,H192,",2021-01-29,处理反馈
568680,东风日产,天籁,2020款 2.0L XL 舒适版,东风日产天籁B柱底盘异响变速箱故障灯亮,"B96,G56,H15,",2021-01-29,信息审核
568678,一汽-大众,速腾,2018款 280TSI DSG熠动版,大众速腾三条韩泰轮胎开裂存在质量问题,"F100,",2021-01-29,信息审核
568677,长城汽车,哈弗H6 Coupe,2018款 1.5T 自动 两驱 超豪型 红标,哈弗H6 Coupe发动机异响更换后未解决,"A9,",2021-01-29,处理反馈
568676,上汽通用五菱,宝骏530,2018款 1.5T DCT 旗舰型 国V,宝骏530安全气囊故障灯常亮维修未解决,"H103,",2021-01-29,信息审核
568673,上汽通用五菱,宝骏310W,2017款 1.5L 手动 时尚型 国VI,宝骏310W行驶中出现交通事故气囊未弹开,"H55,",2021-01-29,处理反馈
568672,一汽-大众,迈腾,2017款 330TSI DSG 领先型,一汽大众迈腾变速箱处于紧急运行模式,"B96,B115,",2021-01-29,信息审核
568668,东风日产,天籁,2020款 2.0L XL 舒适版,东风日产天籁行驶时中控及B柱严重异响,"H93,H164,",2021-01-29,厂家受理
568663,一汽-大众,高尔夫,2017款 1.6L 自动 舒适百万辆纪念版,一汽大众高尔夫变速箱顿挫升挡逻辑混乱,"B19,B115,",2021-01-29,信息审核
568662,一汽奔腾,奔腾B30,2017款 1.6L 手动 豪华型,一汽奔腾B30发动机漏油噪音大 车身生锈,"A12,A38,D123,H79,H72,H93,",2021-01-29,处理反馈
568661,东风标致,标致408,2014款 1.8L 自动 豪华版,东风标致408固特异轮胎有裂纹轮毂氧化	,"F100,H243,",2021-01-29,厂家受理
568659,广汽本田,奥德赛,2015款 2.4L 智享版 改款,广汽本田奥德赛冷启动VTC动作器异响,"A9,",2021-01-29,处理反馈
568657,一汽-大众,速腾,2014款 1.6L 自动 舒适型 改款,一汽大众速腾防冻液渗漏空调制热效果差,"A37,H101,",2021-01-29,信息审核
568656,广汽本田,雅阁,2018款 260TURBO 豪华版 国VI,广汽本田雅阁变速箱漏油顿挫转向卡滞,"B19,B22,D123,",2021-01-29,处理反馈
568653,DS汽车,DS5,2015款 1.8T 豪华版THP200,DS5减震器漏油 方向盘掉皮 空调旋钮屏破裂,"G25,H168,",2021-01-29,信息审核
568652,广汽乘用车,传祺GA6,2019款 270T 自动 尊享版,广汽传祺GA6发动机抖动严重希望处理,"A24,",2021-01-29,处理反馈
568651,上汽通用五菱,宝骏530,2018款 1.8L 自动 豪华型 国V,宝骏530减震器漏油希望尽快解决,"G25,",2021-01-29,处理反馈
568649,广汽丰田,凯美瑞,2019款 2.5G 豪华版 国VI,广汽丰田凯美瑞发动机机油增多乳化,"A339,A13,I292,",2021-01-29,信息审核
568647,一汽-大众,探岳,2019款 330TSI 两驱 豪华型 国V,一汽大众探岳前大灯发白影响行车安全,"H82,",2021-01-29,信息审核
568646,一汽-大众,速腾,2018款 1.6L 自动 舒适型,一汽大众速腾低速变速箱异响希望处理,"B33,",2021-01-29,信息审核
568644,上汽集团,锐腾,2016款 1.5TGI TST 精英版,上汽名爵锐腾底盘异响存在质量问题,"G56,",2021-01-29,厂家受理
568643,广汽丰田,威兰达,2020款 2.0L CVT 两驱 豪华版,广汽丰田威兰达车门异响 发动机舱进泥浆,"H72,H21,Q322,",2021-01-29,信息审核
568638,一汽-大众,迈腾,2015款 1.8TSI 领先型,一汽大众迈腾变速器机电单元故障,"B115,",2021-01-29,信息审核
568637,长安汽车,长安欧尚X7,2020款 1.5T 自动 尊贵型,长安欧尚X7厂家尾灯到货地址遥远要求解决,"L314,N320,",2021-01-29,信息审核
568636,上汽大众,凌渡,2021款 280TSI DSG 舒适版,上汽大众凌渡购车后4S店置换补贴未兑现,"L313,",2021-01-29,处理反馈
568635,一汽-大众奥迪,奥迪Q3,2021款 40 TFSI 时尚动感型,一汽大众奥迪Q3车顶化妆镜位置漏水,"H109,",2021-01-29,信息审核
568634,陕汽德龙,德龙M3000,重型牵引车,陕汽德龙M3000新车发生自燃希望处理,"H40,",2021-01-29,信息审核
568632,上汽集团,锐腾,2019款 20T 自动 豪华氙灯版,上汽名爵锐腾后保险杠变形希望厂家处理,"H209,",2021-01-29,厂家受理
568629,北京现代,菲斯塔,2019款 280TGDi 智享版 国VI,北京现代菲斯塔合格证与车管所备案不符,"L314,Q349,",2021-01-29,信息审核
568626,东风日产,逍客,2017款 2.0L CVT 豪华版 国VI,东风日产逍客经销商引导消费希望处理,"A34,K307,",2021-01-29,厂家受理
568624,一汽-大众,高尔夫,2018款 230TSI 自动 舒适型,一汽大众高尔夫维修离合器后变速箱异响,"B33,J300,",2021-01-29,信息审核
568623,长安汽车,长安欧尚X70A,2019款 1.5L 手动 标准型 国VI,长安欧尚X70A变速箱换挡异响 行驶车身异响,"A38,A85,B33,H15,",2021-01-29,处理反馈
568622,一汽-大众,探岳,2020款 330TSI 两驱 豪华智联版,大众探岳车身共振 购车时置换补贴未兑现,"H268,L313,",2021-01-29,信息审核
568620,江淮汽车,瑞风S3,2016款 1.5L 手动 豪华智能型,江淮瑞风S3吃胎偏磨减震器异响,"G52,G245,",2021-01-29,处理反馈
568619,上汽大众,朗行,2013款 1.4TSI 自动 舒适型,上汽大众朗行变速箱异响厂家不延长质保,"B33,L314,",2021-01-29,处理反馈
568618,BEIJING汽车,BEIJING-EU5,2020款 R500 智风版,BEIJING-EU5购车时置换补贴未兑现,"L313,",2021-01-29,处理反馈
568615,一汽-大众奥迪,奥迪A4L,2019款 40 TFSI 进取型 国V,一汽大众奥迪A4L发动机故障灯亮,"A9,",2021-01-29,信息审核
568613,领克,领克01,2020款 2.0T 两驱 纯Pro版 国VI,领克01行驶方向盘卡滞 刹车时油箱异响,"D123,H147,",2021-01-29,信息审核
568612,一汽丰田,卡罗拉,2017款 1.8L CVT 领先版 改款 双擎,丰田卡罗拉油箱盖拉绳自动脱落 座椅抖动,"H168,H169,H50,",2021-01-29,信息审核
568611,奇瑞汽车,瑞虎8,2019款 1.6TGDI 自动 精英型,奇瑞瑞虎8车灯盲区大存在安全隐患,"Q322,",2021-01-29,信息审核
568609,东风标致,标致408,2014款 1.8L 自动 豪华版,东风标致408严重烧机油 油表不准,"A63,H271,",2021-01-29,用户评分
568607,长城汽车,长城C50,2013款 1.5T 精英型,长城C50漆面腐蚀 车身生锈希望尽快处理,"H79,H81,",2021-01-29,处理反馈
568606,SWM斯威汽车,SWM斯威X7,2018款 1.5T 手动 豪华型 7座,SWM斯威X7机油乳化机盖生锈行李架氧化,"A13,H79,H81,",2021-01-29,信息审核
568603,东风标致,标致207,2011款 1.4 手动 品乐版 两厢,东风标致207后桥异响 右后轮倾斜,"G245,G158,H71,",2021-01-29,处理反馈
568602,东风雪铁龙,爱丽舍,2015款 1.6L 手动 舒适型,东风雪铁龙爱丽舍转向卡滞 方向盘不上锁,"D123,",2021-01-29,处理反馈
568601,上汽大众,途观L,2019款 330TSI 自动 两驱 全景舒适版 国V,大众途观L启停失效 发动机油耗高动力消失,"A85,A255,H263,",2021-01-29,厂家受理
568600,奇瑞汽车,艾瑞泽5,2017款 1.5L 手动 领潮版,奇瑞艾瑞泽5四个车门生锈存在质量问题,"H79,",2021-01-29,信息审核
568594,北京现代,悦动,2018款 1.6L 自动 悦值版 GLS 国V,北京现代悦动启动困难 发动机抖动,"A24,A44,",2021-01-29,信息审核
568593,路虎进口,揽胜运动版,2021款 3.0 L6 SE,路虎揽胜运动版车灯故障报警维修后未解决,"H64,",2021-01-29,处理反馈
568592,一汽-大众,迈腾,2017款 330TSI DSG 豪华型,一汽大众迈腾变速箱机电单元故障,"B115,",2021-01-29,信息审核
568589,吉利汽车,远景X6,2020款 1.4T CVT 尊贵型,吉利远景X6车漆开裂 胎压报警 车载网络报警,"H81,H155,H203,J301,",2021-01-29,处理反馈
568588,一汽-大众,迈腾,2016款 1.8TSI 智享豪华型,一汽大众迈腾变速箱故障报故障码要求索赔,"B115,",2021-01-29,信息审核
568585,一汽-大众奥迪,奥迪A6L,2017款 45 TFSI 双离合 quattro 运动型,一汽大众奥迪A6L油箱异响希望厂家处理,"H147,",2021-01-29,信息审核
568580,一汽-大众,探岳,2019款 330TSI 四驱 豪华型 国Ⅵ,一汽大众探岳大灯有白雾影响夜间照明,"H82,",2021-01-29,信息审核
568579,吉利汽车,缤瑞,2021款 1.4T CVT F-运动版,吉利缤瑞前挡风玻璃开裂希望得到处理,"H113,",2021-01-29,厂家受理
568577,长安福特,蒙迪欧,2017款 EcoBoost 180 自动 时尚型,长安福特蒙迪欧米其林轮胎开裂希望处理,"F100,",2021-01-29,用户评分
568576,奥迪（进口）,奥迪Q7,2014款 35TDI quattro 越野型,进口奥迪Q7行驶时转向系统卡滞失灵,"D123,D57,",2021-01-29,信息审核
568575,奇瑞汽车,瑞虎8,2018款 1.5TCI 自动 豪华型 7座,奇瑞瑞虎8天窗爆裂希望尽快处理,"H113,",2021-01-29,信息审核
568574,吉利汽车,缤越,2020款 PRO 260T DCT 游侠,吉利缤越刹车异响严重希望尽快处理,"E43,",2021-01-29,处理反馈
568571,江淮汽车,江淮iEV,2015款 纯电动 iEV5,江淮iEV动力电池更换后续航严重缩水,"H344,",2021-01-29,用户评分
568569,东风日产,奇骏,2015款 2.0L CVT 舒适MAX版 2WD,东风日产奇骏变速箱无法挂挡希望厂家处理,"B20,",2021-01-29,处理反馈
568564,东风日产,启辰D50,2015款 1.6L 手动 时尚版,启辰D50发动机严重漏防冻液希望处理,"A37,",2021-01-29,信息审核
568563,领克,领克03,2021款 2.0TD 自动 劲 冠军版,领克03置换补贴未兑现QQ音乐会员兑换码过期,"L313,",2021-01-29,信息审核
568562,众泰汽车,众泰Z500,2015款 1.5T 手动 尊贵型,众泰Z500质保期内故障厂家无配件索赔,"N318,",2021-01-29,信息审核
568561,一汽-大众捷达,捷达VS5,2019款 280TSI 自动 悦享型,一汽大众捷达VS5电瓶亏电要求更换电瓶,"H146,",2021-01-29,用户评分
568560,吉利汽车,缤瑞,2018款 14T CVT 缤致版,吉利缤瑞变速箱低速顿挫 升挡缓慢,"B19,",2021-01-29,处理反馈
568559,奇瑞汽车,瑞虎8 PLUS,2021款 290TGDI DCT 豪情版,奇瑞瑞虎8 PLUS新车座椅有划痕 疑似翻新车,"M284,",2021-01-29,处理反馈
568558,福田汽车,时代康瑞,2014款 康瑞H2-3360-北京环保4J28TC,福田时代康瑞库存车 车架号有变更 油管开裂,"H168,M284,M283,",2021-01-29,信息审核
568556,北京现代,名图,2019款 1.8L 自动 智能型GLS 国VI,北京现代名图方向盘沉重 大灯进水,"D156,H88,",2021-01-29,信息审核
568555,东风悦达起亚,焕驰,2020款 改款 1.4L 自动 舒适天窗版,起亚焕驰购车后4S店拒绝提供合格证,"L313,O353,",2021-01-29,处理反馈
568554,广汽本田,凌派,2019款 180Turbo CVT 豪华版 国VI,广汽本田凌派发动机故障大修经销商无配件,"A34,J300,N318,",2021-01-29,处理反馈
568553,东风雪铁龙,雪铁龙C4L,2015款 1.2T 自动 豪华版,东风雪铁龙C4L正时皮带掉渣堵塞油泵,"A34,A45,",2021-01-29,处理反馈
568552,上汽大众斯柯达,昊锐,2012款 1.4TSI DSG 智雅版,斯柯达昊锐延长质保期内变速箱漏油,"B22,",2021-01-29,信息审核
568551,广汽丰田,YARiS L 致炫,2016款 1.5G CVT 炫动天窗版 改款,广汽丰田致炫发动机异响 车内顶灯开关失灵,"A9,H71,",2021-01-29,信息审核
568549,江淮汽车,瑞风M4,2020款 2.0CTI 柴油 手动 劲享型 国VI,江淮瑞风M4车辆无法启动4S店未救援,"A44,L314,",2021-01-29,处理反馈
568546,东风标致,标致408,2016款 1.6T 自动 豪华版,东风标致408电源管理模块故障报警,"H110,",2021-01-29,用户评分
568545,上汽大众,桑塔纳,2018款 1.5L 自动 舒适版,上汽大众桑塔纳变速箱无法降挡希望厂家处理,"B20,",2021-01-29,信息审核
568542,一汽-大众奥迪,奥迪A6L,2018款 35 TFSI 双离合 时尚型,一汽大众奥迪A6L变速箱异响一直未解决	,"B33,",2021-01-29,信息审核
568540,观致汽车,观致5,2018款 1.6T 自动 尊贵型,观致5中控显示屏闪烁存在质量问题,"H134,",2021-01-29,信息审核
568539,一汽奔腾,奔腾B50,2016款 1.6L 手动 舒适型,一汽奔腾B50漆面大面积生锈4S店不予保修,"H79,",2021-01-29,处理反馈
568537,一汽丰田,亚洲龙,2019款 双擎 2.5L XLE 尊贵版 国Ⅵ,一汽丰田亚洲龙新车副驾驶有异响,"H79,H164,",2021-01-29,信息审核
568536,上汽通用五菱,宝骏530,2018款 1.5T 手动 精英型 国V,宝骏530经销商出售车辆有购买车辆保险记录,"M284,",2021-01-29,处理反馈
568534,一汽-大众,迈腾,2017款 330TSI DSG 尊贵型,一汽大众迈腾变速箱异响顿挫存在质量问题,"B33,B19,B115,",2021-01-29,处理反馈
568531,江铃汽车,驭胜S330,2016款 1.5L GTDi 自动 四驱 旗舰版,江铃驭胜S330仪表盘故障灯亮 刹车弹簧断裂,"H168,",2021-01-29,信息审核
568528,东风悦达起亚,KX3傲跑,2020款 1.5L CVT 潮流版,东风悦达起亚KX3傲跑保养后机油泄漏,"J300,J303,J304,",2021-01-29,用户评分
568524,东风本田,本田CR-V,2017款 240TURBO 自动 四驱 尊耀版,东风本田CR-V中控抬头显示盖板不回位,"H134,",2021-01-29,处理反馈
568523,上汽大众斯柯达,速派,2018款 TSI330 DSG 豪华版 国V,斯柯达速派变速箱换挡异响延迟 降挡顿挫,"B33,B19,",2021-01-29,信息审核
568521,吉利汽车,远景X6,2016款 1.3T CVT 旗舰型,吉利远景X6变速箱动力丢失故障灯亮,"B96,B334,",2021-01-29,处理反馈
568519,宝马（进口）,宝马X5,2021款 xDrive30i M运动套装,进口宝马X5行驶发动机舱异响 转向异响,"A9,D59,",2021-01-29,厂家受理
568517,奇瑞新能源,小蚂蚁,2021款 15万蚁粉款 蚁酷版,奇瑞小蚂蚁电动机噪音大 中控屏异响,"A341,H134,",2021-01-29,厂家受理
568516,一汽-大众捷达,捷达VS5,2019款 280TSI 自动 悦享型,捷达VS5踩油门发动机舱有异响现象,"A9,",2021-01-29,处理反馈
568515,吉利汽车,嘉际,2019款 1.8TD 自动 舒享型,吉利嘉际厂家无配件导致车辆无法维修,"N318,",2021-01-29,处理反馈
568510,广汽本田,雅阁,2018款 2.0L 锐领版 锐·混动 国VI,广汽本田雅阁方向盘卡滞影响安全行驶,"D123,",2021-01-29,处理反馈
568509,华晨宝马,宝马1系,2020款 125i M运动套装,华晨宝马1系启动困难 怠速不稳希望处理,"A44,A35,",2021-01-29,信息审核
568507,野马汽车,野马T70,2017款 1.5T 手动 精英型 运动版 T70S,野马T70刹车盘异常磨损希望处理,"E47,",2021-01-29,信息审核
568506,领克,领克03,2018款 1.5TD DCT 劲Pro版 国V,领克03车身稳定系统故障 行驶熄火,"A14,H170,",2021-01-29,信息审核
568505,长安福特,翼虎,2018款 EcoBoost 180 两驱 豪翼型,长安福特翼虎挂D挡抖动严重希望处理,"A24,",2021-01-29,处理反馈
568502,北京现代,北京现代ix35,2019款 2.0L 自动 两驱 智勇·畅享版 国VI,北京现代ix35车灯起雾希望更换大灯,"H88,",2021-01-29,信息审核
568501,北京现代,菲斯塔,2019款 280TGDi 智速版 国V,北京现代菲斯塔车身抖动 玛吉斯轮胎变形	,"F142,H268,",2021-01-29,信息审核
568499,一汽-大众,捷达,2017款 1.5L 手动 舒适型,一汽大众捷达漆面开裂希望厂家处理问题,"H81,",2021-01-29,信息审核
568496,吉利汽车,帝豪GL,2020款 1.4T CVT 尊贵型,吉利帝豪GL变速箱换挡机构故障无法换挡,"B20,B77,",2021-01-29,用户评分
568493,比亚迪,比亚迪e6,2014款 先行者 自动 豪华版 5座,比亚迪e6动力电池故障电池严重亏电,"H343,",2021-01-29,处理反馈
568491,东风日产,奇骏,2014款 2.5L XL CVT 四驱 豪华版,东风日产奇骏天窗漏水空调漏氟不制冷,"H109,",2021-01-29,处理反馈
568490,北京现代,名图,2014款 1.8L 自动 尊贵型,北京现代名图发动机异响拉缸存在设计缺陷,"A329,",2021-01-29,信息审核
568488,一汽-大众,速腾,2020款 280TSI DSG 舒适型 国VI,一汽大众速腾发动机缺缸存在质量问题,"A34,",2021-01-29,处理反馈
568486,一汽丰田,卡罗拉,2018款 1.2T S-CVT GL智享版,一汽丰田卡罗拉行驶时变速箱异响顿挫,"B33,B19,",2021-01-29,信息审核
568485,一汽-大众,迈腾,2019款 380TSI DSG 豪华型 国V,一汽大众迈腾行驶时变速箱异响顿挫感强,"B33,",2021-01-29,信息审核
568484,一汽丰田,锐志,2013款 2.5V 尚锐导航版,一汽丰田锐志高温暴晒后车内有严重异味,"H185,",2021-01-29,信息审核
568483,江铃福特,撼路者,2017款 2.0T 自动 四驱 旗舰版 7座 汽油,福特撼路者车载系统花屏反复重启宕机,"H134,H155,",2021-01-29,信息审核
568481,广汽丰田,凯美瑞,2019款 改款 2.5G 豪华版,丰田凯美瑞新车座椅塌陷有非正常拆卸痕迹,"H169,M284,",2021-01-29,信息审核
568479,上汽大众,途观L,2021款 330TSI 自动 两驱 R-Line越享版,大众途观L新车仪表盘出现故障一直黑屏,"H202,",2021-01-29,信息审核
568476,东风日产,楼兰,2017款 2.5L XL 两驱 智尚版,东风日产楼兰三元催化器隔热铝板破裂,"H168,",2021-01-29,处理反馈
568475,东风日产,轩逸,2020款 1.6L XL CVT 悦享版,东风日产轩逸行驶时中控台A柱部位异响,"H93,H164,",2021-01-28,处理反馈
568474,北京现代,北京现代ix35,2018款 2.0L 自动 两驱 智勇·畅享版,北京现代ix35耐克森轮胎起皮脱落开裂,"F100,F186,",2021-01-28,处理反馈
568473,海马汽车,海马8S,2019款 1.6TGDI 自动 潮版,海马8S马帮合伙人推荐购车奖励厂家不兑现,"L313,",2021-01-28,信息审核
568472,北京越野,北京BJ90,2020款 4.0T 尊驾版,北京BJ90车辆零件缺失 方向跑偏 轴距虚标,"D154,G117,M279,Q350,",2021-01-28,用户评分
568471,上汽大众斯柯达,昊锐,2009款 1.8TSI 自动 智雅版,斯柯达昊锐车内异味 开空调气味刺鼻,"H185,H101,",2021-01-28,处理反馈
568465,一汽-大众,宝来,2019款 宝来·传奇 1.5L 手动 时尚型 国VI,一汽大众宝来胎压监测报警维修多次未解决,"H203,J298,",2021-01-28,用户评分
568464,北京奔驰,奔驰GLB,2020款 改款 GLB 200 动感型,北京奔驰GLB发动机异响减配碳罐阻尼器,"A9,Q350,",2021-01-28,信息审核
568463,长安汽车,奔奔E-Star,2020款 心动版,长安奔奔E-Star经销商隐瞒购车活动拒不履行,"L313,",2021-01-28,处理反馈
568460,吉利新能源,星越新能源,2019款 400T 驭星者 纯电动续航80KM,吉利星越新能源发动机抖动 辅助驾驶故障,"A24,H185,H101,H170,",2021-01-28,处理反馈
568455,理想,理想ONE,2020款 增程6座版,理想ONE官网交付定金经销商不予退还,"K309,",2021-01-28,信息审核
568452,北京现代,领动,2019款 1.4T 双离合 炫动·活力型,北京现代领动前大灯进水希望尽快处理,"H88,",2021-01-28,信息审核
568451,一汽-大众,T-ROC探歌,2019款 280TSI DSG 两驱 舒适型 国VI,一汽大众探歌大灯发白 亮度不足,"H82,",2021-01-28,处理反馈
568450,北京现代,北京现代ix25,2015款 1.6L 自动 两驱 智能型 GLS 5座,北京现代ix25轮毂边缘出现氧化的现象,"H243,",2021-01-28,信息审核
568449,广汽三菱,奕歌,2019款 1.5T CVT 两驱 梦想版 国VI,广汽三菱奕歌天窗异响中控台异响后备箱异响,"H93,H89,H68,",2021-01-28,厂家受理
568448,吉利汽车,缤越,2020款 PRO 240T DCT 猎手,吉利缤越4S店贷款购车月供金额有欺诈嫌疑,"K307,",2021-01-28,信息审核
568444,北京现代,索纳塔,2020款 380TGDi TOP 自动 旗舰版,北京现代索纳塔新车方向盘有异响,"D59,",2021-01-28,信息审核
568442,广汽本田,皓影,2020款 240TURBO CVT 两驱 幻夜版,广汽本田皓影制动异响后轮偏磨 变速箱异响,"B33,E43,G245,",2021-01-28,用户评分
568441,一汽-大众,速腾,2018款 280TSI DSG熠动版,一汽大众速腾刹车盘异常磨损 刹车偏软,"E43,E269,E47,",2021-01-28,处理反馈
568440,广汽本田,飞度,2014款 1.5L CVT SE时尚型,广汽本田飞度冷车启动发动机异响,"A9,",2021-01-28,处理反馈
568436,上汽大众斯柯达,速派,2018款 TSI280 DSG 舒适版 国V,斯柯达速派刹车盘磨损 变速箱异响 天窗异响,"B33,E47,H89,",2021-01-28,处理反馈
568431,上汽大众,途岳,2020款 330TSI 四驱 豪华版 国VI,上汽大众途岳发动机抖动变速箱顿挫轮胎开裂,"A24,B95,F100,",2021-01-28,处理反馈
568430,上汽大众,途观L,2021款 330TSI 自动 两驱 R-Line越享版,上汽大众途观L自动启停失效油耗翻倍,"A85,A114,H263,",2021-01-28,用户评分
568429,一汽-大众,宝来,2019款 改款 1.5L 自动 舒适型 国VI,一汽大众宝来发动机EPC故障灯亮,"A34,",2021-01-28,处理反馈
568428,一汽-大众捷达,捷达VS7,2020款 1.4T 自动 荣耀型,大众捷达VS7发动机动力不足 变速箱拖挡,"A163,B69,",2021-01-28,处理反馈
568427,一汽-大众,宝来,2019款 改款 280TSI DSG 精英型 国VI,一汽大众宝来刹车异响 车钥匙电池没电,"E43,H119,",2021-01-28,处理反馈
568425,广汽本田,飞度,2014款 1.5L CVT LX舒适型,广汽本田飞度发动机启动困难希望厂家处理,"A44,",2021-01-28,处理反馈
568421,上汽大众,途安,2018款 途安L 280TSI 自动 豪华版 7座,上汽大众途安变速器异响4S店无法处理,"B33,",2021-01-28,处理反馈
568416,上汽大众,凌渡,2015款 280TSI 手动 舒适版,上汽大众凌渡ABS轮速传感器缺陷车内异味,"E74,H185,H170,H203,",2021-01-28,处理反馈
568412,东风本田,本田XR-V,2021款 220TURBO CVT 豪华版,东风本田XR-V变速箱漏油希望厂家处理,"B22,",2021-01-28,用户评分
568411,一汽-大众,迈腾,2020款 330TSI DSG 领先型,一汽大众迈腾急加速时发动机异响严重,"A9,B19,H82,",2021-01-28,处理反馈
568409,广汽本田,飞度,2014款 1.5L 手动 LX舒适型,广汽本田飞度主驾驶座椅前后晃动严重,"H169,",2021-01-28,用户评分
568407,长城汽车,炮,2019款 2.0T 商用版 手动 两驱 精英型 标箱 GW4D20M 柴油,长城炮朝阳轮胎鼓包厂家不予解决,"F39,",2021-01-28,处理反馈
568406,一汽-大众,探岳,2019款 330TSI 两驱 豪华型 国Ⅵ,一汽大众探岳大灯亮度不足厂家拒绝更换,"H82,",2021-01-28,处理反馈
568404,东风雪铁龙,雪铁龙C2,2012款 1.4 手动 舒适型,东风雪铁龙C2右后桥轴承故障希望处理,"G83,",2021-01-28,处理反馈
568403,长安汽车,长安CS75 PHEV,2018款 1.5T PHEV 精英型,长安CS75 PHEV车机卡顿 影像模糊,"H134,H155,",2021-01-28,处理反馈
568402,一汽丰田,亚洲龙,2019款 2.0L 豪华版 国VI,一汽丰田亚洲龙油耗过高希望处理,"A85,",2021-01-28,信息审核
568401,昌河铃木,利亚纳A6,2014款 1.4L 手动 畅想型 两厢,昌河铃木利亚纳A6转向助力失效希望处理,"D112,",2021-01-28,信息审核
568395,上汽大众,朗逸,2017款 1.6L 自动 舒适版,上汽大众朗逸刹车时前轮出现异响,"E43,",2021-01-28,用户评分
568390,江铃汽车,域虎5,2019款 2.0T 手动 四驱 进取 国VI 柴油,江铃域虎5发动机故障灯亮一直未解决	,"A34,",2021-01-28,信息审核
568388,广汽丰田,凯美瑞,2019款 2.0G 豪华版 国VI,广汽丰田凯美瑞怠速时发动机异响,"A9,",2021-01-28,信息审核
568387,一汽-大众,速腾,2018款 280TSI DSG熠动版,一汽大众速腾变速箱升挡顿挫 中控异响,"B19,H93,",2021-01-28,处理反馈
568384,东风本田,本田CR-V,2018款 1.5T CVT 两驱 舒适版,东风本田CR-V机油增多希望尽快处理,"A339,",2021-01-28,处理反馈
568382,长城汽车,哈弗H2,2016款 1.5T 手动 两驱豪华型,哈弗H2转向异响沉重影响方向盘不正,"D59,D156,D154,",2021-01-28,处理反馈
568381,一汽-大众,高尔夫,2015款 1.6L 自动 舒适型,一汽大众高尔夫变速箱故障灯亮存在质量问题,"B96,",2021-01-28,处理反馈
568379,一汽-大众奥迪,奥迪A4L,2019款 40 TFSI 时尚型 国V,一汽大众奥迪A4L变速箱换挡抖动希望厂家处理,"B95,",2021-01-28,信息审核
568378,一汽-大众,速腾,2018款 280TSI DSG熠动版,一汽大众速腾韩泰轮胎开裂存在质量问题,"F100,",2021-01-28,处理反馈
568377,上汽集团,名爵5,2021款 180DVVT CVT 青春豪华版,名爵5抵押委托书格式不规范无法完成抵押,"O353,",2021-01-28,处理反馈
568376,SWM斯威汽车,SWM斯威X7,2016款 1.5T 舒适型,SWM斯威X7贷款还完后未交付车钥匙,"O324,",2021-01-28,厂家受理
568375,奇瑞汽车,捷途X70,2018款 1.5T 手动 悦行版,捷途X70发动机故障灯亮清除故障码未解决,"A34,",2021-01-28,处理反馈
568374,一汽-大众奥迪,奥迪A4L,2017款 quattro 2.0T 双离合 风尚型,一汽大众奥迪A4L变速箱升降挡时顿挫,"B19,",2021-01-28,信息审核
568373,上汽大众,途岳,2019款 330TSI 四驱 旗舰版 国VI,上汽大众途岳电瓶无法充电自动启停功能失灵,"H146,H263,H340,",2021-01-28,处理反馈
568372,广汽三菱,欧蓝德,2020款 2.4L 四驱 致享版 5座,三菱欧蓝德车内异响 车身生锈 车身共振,"H79,H268,H164,",2021-01-28,厂家受理
568371,长安福特,蒙迪欧,2013款 1.5T 自动 GTDi180时尚型,福特蒙迪欧发动机节气门处有严重渗油现象,"A12,",2021-01-28,用户评分
568369,一汽-大众,探岳,2019款 380TSI 四驱 R-Line 国V,一汽大众探岳大灯发白影响夜间照明,"H82,",2021-01-28,用户评分
568367,一汽-大众,速腾,2018款 280TSI 双离合 豪华型,一汽大众速腾发动机高压泵异响现象严重,"H78,",2021-01-28,处理反馈
568366,上汽通用五菱,五菱宏光,2018款 1.5L S 基本型,上汽通用五菱宏光经销商收取解压费,"K307,",2021-01-28,用户评分
568365,长安汽车,长安欧尚X70A,2018款 1.5L 手动 豪华型,长安欧尚X70A导航故障反复维修无法解决,"H21,",2021-01-28,用户评分
568360,广汽丰田,雷凌,2017款 185T CVT 精英版 国V 改款,广汽丰田雷凌怠速不稳低速时变速箱顿挫,"A35,B19,",2021-01-28,信息审核
568359,中国重汽,豪沃,仓栅式货车,重汽豪沃保单车架号与实车不符,"M284,",2021-01-28,信息审核
568358,领克,领克03,2021款 1.5TD DCT 劲 冠军版,领克03显示未挂P挡车辆无法启动,"B184,H110,H119,",2021-01-28,信息审核
568356,吉利汽车,博瑞,2016款 1.8T 舒适型,吉利博瑞发动机VVT组件问题导致发动机异响,"A9,",2021-01-28,处理反馈
568354,长安汽车,长安CS55,2017款 1.5T 手动 炫动型,长安CS55一挡起步时车身抖动严重,"C87,",2021-01-28,处理反馈
568352,广汽本田,皓影,2020款 240TURBO CVT 四驱 幻夜版,广汽本田皓影中控台异响严重希望处理,"H93,",2021-01-28,处理反馈
568347,东风日产,天籁,2020款 改款 2.0L XL Upper 智行版,东风日产天籁车载智联与厂家宣传不符,"M279,",2021-01-28,处理反馈
568345,长安福特,锐际,2020款 EcoBoost 245 两驱 聪慧悦享款,长安福特锐际车门开关时抖动 变速箱顿挫,"B19,H72,",2021-01-28,处理反馈
568343,广汽丰田,凯美瑞,2015款 2.0G 自动 领先版,广汽丰田凯美瑞前半轴防尘套漏油,"G51,",2021-01-28,信息审核
568342,长安沃尔沃,沃尔沃S80L,2012款 2.0T DCT T5 智雅版,长安沃尔沃S80L发动机故障灯亮希望处理,"A34,",2021-01-28,信息审核
568341,一汽-大众奥迪,奥迪A6L,2019款 45 TFSI 臻选动感型,奥迪A6L四个轮毂有氧化情况存在质量问题,"H243,",2021-01-28,信息审核
568336,北汽新能源,EV系列,2014款 E150 EV 科技版,北汽新能源EV动力丢失 停放时间长拒绝保修,"A341,I297,",2021-01-28,用户评分
568332,东风英菲尼迪,英菲尼迪QX50,2018款 2.0T 两驱 菁英版,英菲尼迪QX50紧急行人保护装置无故弹开,"H170,",2021-01-28,信息审核
568331,福田汽车,欧曼,2008款 BJ4181SLFJA-6 牵引,福田欧曼差速器故障导致无法正常行驶,"H86,",2021-01-28,信息审核
568328,东风标致,标致408,2014款 1.8L 自动 豪华版,东风标致408发动机熄火 烧机油严重,"A63,A14,",2021-01-28,处理反馈
568327,东风乘用车,风神AX7,2021款 PRO 1.6T 自动 智能版,东风风神AX7过颠簸路面车内异响变速箱顿挫,"B19,",2021-01-28,处理反馈
568326,一汽-大众,探岳,2020款 330TSI 两驱 豪华智联版,一汽大众探岳车灯不亮希望厂家处理,"H82,",2021-01-28,处理反馈
568325,上汽大众,途观L,2020款 330TSI 自动 两驱 全景舒适版 国VI,上汽大众途观L油耗高动力不足希望厂家处理,"A163,",2021-01-28,处理反馈
568324,广汽本田,雅阁,2018款 260TURBO 豪华版 国VI,广汽本田雅阁车内和变速箱异响希望厂家处理,"B33,H164,",2021-01-28,处理反馈
568323,江西五十铃,瑞迈,2020款 2.5T 四驱 柴油 旗舰国VI 瑞迈S 标轴版 JE4D25Q6A,江西五十铃瑞迈发动机舱冒烟售后未解决,"A191,",2021-01-28,信息审核
568321,一汽-大众,探岳,2019款 330TSI 两驱 豪华型 国Ⅵ,一汽大众探岳大灯透镜发白影响夜间照明,"H82,",2021-01-28,处理反馈
568320,广汽本田,雅阁,2018款 260TURBO 豪华版 国VI,广汽本田雅阁中控台异响 后轮吃胎偏磨,"G245,H93,",2021-01-28,信息审核
568314,东风标致,标致408,2015款 1.2T 自动 豪华版,东风标致408发动机故障灯亮抖动无法加速,"A24,A44,",2021-01-28,处理反馈
568313,一汽-大众奥迪,奥迪Q3,2020款 35 TFSI 时尚动感型,一汽大众奥迪Q3大灯发白亮度不足,"H82,",2021-01-28,信息审核
568311,北京奔驰,奔驰GLB,2020款 GLB 200 时尚型,北京奔驰GLB发动机未安装电磁阀导致异响,"Q322,",2021-01-28,处理反馈
568310,一汽-大众,迈腾,2019款 330TSI DSG 领先型 国VI,一汽大众迈腾尾灯起雾 售后服务态度恶劣,"H88,I293,",2021-01-28,处理反馈
568307,东风雪铁龙,雪铁龙C4L,2014款 1.8L 自动 智驱版 劲享型,东风雪铁龙C4L防冻液渗漏希望厂家处理,"A37,",2021-01-28,处理反馈
568304,广汽本田,雅阁,2018款 230TURBO 舒适版 国V,广汽本田雅阁两后轮胎吃胎偏磨要求厂家处理,"G245,",2021-01-28,处理反馈
568295,一汽-大众,宝来,2011款 1.4TSI DSG 舒适型,一汽大众宝来变速箱抖动厂家不解决,"B95,",2021-01-28,处理反馈
568294,东风日产,逍客,2019款 2.0L CVT 智享版,东风日产逍客防侧滑故障报警发动机动力不足,"A163,H170,",2021-01-28,用户评分
568290,东风日产,楼兰,2019款 2.5L XE 两驱 精英版 国V,东风日产楼兰轮胎偏磨厂家拒绝处理,"G245,I295,",2021-01-28,处理反馈
568289,上汽大众,桑塔纳,2019款 1.5L 自动 舒适版 国V,上汽大众桑塔纳发动机漏油要求解决,"A12,",2021-01-28,处理反馈
568288,海马汽车,海马S5,2018款 1.5T 手动 豪华型,海马S5 4S店退网无售后服务希望尽快解决,"L313,O326,",2021-01-28,信息审核
568287,华晨中华,中华V3,2019款 1.5L 手动 舒适型,华晨中华V3后减震器漏油 4S店不予索赔,"G25,I297,",2021-01-28,信息审核
568282,广汽本田,飞度,2014款 1.5L CVT LX舒适型,广汽本田飞度座椅骨架变形而且晃动,"H169,",2021-01-28,处理反馈
568281,一汽-大众,迈腾,2017款 330TSI DSG 豪华型,大众迈腾变速箱故障需要更换变速箱阀体,"B84,",2021-01-28,处理反馈
568280,奇瑞捷豹路虎,捷豹XEL,2019款 2.0T 200PS 尊享版,奇瑞捷豹路虎XEL发动机和变速箱漏油,"A12,B22,",2021-01-28,处理反馈
568279,奇瑞汽车,瑞虎8,2018款 1.5TCI 自动 尊贵型 5座,奇瑞瑞虎8行驶时中控台异响严重,"H93,",2021-01-28,处理反馈
568276,上汽大众,途观L,2020款 330TSI 自动 两驱 全景舒适版 国VI,大众途观L变速箱异响4S店维修时间记录错误,"B33,O324,",2021-01-28,处理反馈
568274,福田汽车,伽途ix7,2018款 1.5L 标准型 DAM15DL,福田伽途ix7车身生锈异响十分严重,"H79,H15,",2021-01-28,信息审核
568273,广汽菲克Jeep,自由光,2016款 2.4L 领先版,广汽菲克Jeep自由光座椅零件脱落 座椅异响,"H169,I295,",2021-01-28,厂家受理
568271,一汽红旗,红旗H5,2020款 1.5T DCT 旗韵版,一汽红旗H5转向异响 仪表台出现异响,"D59,H93,",2021-01-28,信息审核
568269,北京现代,途胜,2015款 1.6T   双离合 两驱 智能型,北京现代途胜变速箱顿挫异响希望厂家处理,"B33,B19,",2021-01-28,信息审核
568268,上汽大众,凌渡,2015款 280TSI DSG 舒适版,上汽大众凌渡车内异味希望厂家处理问题,"H185,",2021-01-28,处理反馈
568267,上汽大众,凌渡,2019款 280TSI DSG 舒适版 国VI,上汽大众凌渡天窗异响售后未解决问题,"H89,",2021-01-28,处理反馈
568264,东风本田,INSPIRE,2019款 锐·混动 2.0L 净越版 国VI,东风本田INSPIRE空调异响希望厂家处理,"H101,",2021-01-28,处理反馈
568261,广汽本田,冠道,2017款 370TURBO 自动 四驱 尊享版,广汽本田冠道发动机和变速箱连接处漏油,"A12,B22,H119,H192,",2021-01-28,处理反馈
568259,吉利汽车,远景S1,2018款 1.4T CVT 锋享型,吉利远景S1车联网一直未更新希望处理,"H155,",2021-01-28,处理反馈
568256,一汽-大众,宝来,2018款 1.5L 手动 时尚型,一汽大众宝来减震弹簧断裂导致行驶时异响,"G52,",2021-01-28,用户评分
568255,奇瑞汽车,瑞虎8,2019款 1.6TGDI 自动 豪华型,奇瑞瑞虎8刹车异响多次维修没有解决,"E43,",2021-01-28,处理反馈
568254,东风日产,轩逸,2019款 1.6XV CVT 智联尊享版 国VI,东风日产轩逸发动机有机油乳化的现象,"A13,",2021-01-28,用户评分
568249,东风本田,INSPIRE,2019款 260TURBO 精悦版 国VI,东风本田INSPIRE中控屏卡死自动重启,"H134,",2021-01-28,处理反馈
568248,东风标致,标致308,2019款 230THP 自动 豪华版 国VI,东风标致308刹车抖动严重希望处理,"E111,",2021-01-28,处理反馈
568243,广汽本田,雅阁,2018款 2.0L 锐智版 锐·混动 国VI,广汽本田雅阁降噪模块损坏需更换轮毂,"H243,",2021-01-28,处理反馈
568242,长安福特,蒙迪欧,2017款 EcoBoost 180 自动 时尚型,长安福特蒙迪欧加速无力 节气门积存机油,"A12,A163,",2021-01-28,处理反馈
568240,一汽-大众,宝来,2020款 1.5L 手动 舒适型,一汽大众宝来启动右转时底盘有较大异响,"G56,",2021-01-28,处理反馈
568239,一汽-大众捷达,捷达VS5,2019款 280TSI 自动 悦享型,一汽大众捷达VS5变速箱异响 方向盘抖动,"B33,D80,",2021-01-28,处理反馈
568237,上汽大众,途昂,2020款 改款 380TSI 四驱 豪华版,上汽大众途昂收取保费与保单不一致,"K308,",2021-01-28,处理反馈
568236,东风悦达起亚,奕跑,2019款 1.4L 自动 趣享版 国V,东风悦达起亚行驶时变速箱异响存在质量问题,"B33,",2021-01-28,处理反馈
568233,奇瑞捷豹路虎,发现运动版,2020款 249PS R-Dynamic SE 性能科技版 7座,奇瑞路虎发现运动版底盘变硬滤震效果变差,"G162,",2021-01-28,处理反馈
568229,上汽大众,途观L,2021款 380TSI 自动 四驱 R-Line越享版 7座,上汽大众途观L行驶时发动机熄火,"A14,",2021-01-28,处理反馈
568227,广汽乘用车,传祺GS5,2021款 进阶款 270T 科技智领版,广汽传祺GS5中控屏没有4G网络无法使用,"H155,",2021-01-28,用户评分
568225,东风日产,轩逸,2020款 改款 1.6L XL CVT 悦享版,东风日产轩逸变速箱失速 方向盘故障灯亮,"A14,B334,D156,",2021-01-28,处理反馈
568223,吉利汽车,缤越,2020款 PRO 260T DCT 骑士,吉利缤越行驶过程中方向盘有抖动的现象,"D80,",2021-01-28,用户评分
568221,奇瑞新能源,小蚂蚁,2018款 智享版 4座,奇瑞小蚂蚁行驶中突然断电无法使用	,"H343,",2021-01-28,厂家受理
568218,长城汽车,哈弗M6,2018款 1.5T DCT 两驱 精英型 改款,哈弗M6空调最小风量时异响质量差,"H101,",2021-01-28,处理反馈
568217,北京现代,领动,2018款 1.4T 双离合 炫动·活力型,北京现代领动方向盘卡滞 转向时沉重,"D123,D156,",2021-01-28,信息审核
568214,东风标致,标致408,2016款 1.6T 自动 豪华版,标致408蓄电池充电故障更换电源管理模块,"H146,",2021-01-28,处理反馈
568209,比亚迪,比亚迪e1,2019款 耀版,比亚迪e1发动机熄火 气囊故障 车门故障,"A14,H103,H149,",2021-01-28,用户评分
568204,SWM斯威汽车,SWM斯威X7,2016款 1.5T 豪华型,SWM斯威X7发动机漏油 离合器方向机异响,"A12,C65,D59,",2021-01-28,厂家受理
568200,上汽大众,凌渡,2015款 280TSI DSG 舒适版,上汽大众凌渡变速箱故障行驶过程中脱挡,"B84,B246,",2021-01-28,处理反馈
568199,斯巴鲁,森林人,2019款 2.0i 智擎旗舰版 EyeSight,斯巴鲁森林人右前轮转向拉杆球头漏油,"D58,",2021-01-28,信息审核
568197,奇瑞汽车,瑞虎5x,2019款 HERO 1.5L 手动 时尚版,奇瑞瑞虎5x漆面生锈鼓包希望厂家处理,"H79,H81,",2021-01-28,用户评分
568195,一汽丰田,亚洲龙,2019款 2.5L Touring 尊贵版 国Ⅵ,一汽丰田亚洲龙4S店不予升级车机互联功能,"L314,",2021-01-28,信息审核
568194,一汽-大众奥迪,奥迪Q3,2021款 45 TFSI quattro 时尚动感型,一汽大众奥迪Q3车顶漏水希望厂家处理问题,"H90,",2021-01-28,信息审核
568193,一汽-大众,宝来,2017款 1.6L 手动 舒适型,一汽大众宝来刹车异响 多次维修未解决,"E43,",2021-01-28,处理反馈
568191,广汽丰田,凯美瑞,2016款 2.0G 自动 十周年纪念领先版,广汽丰田凯美瑞前半轴防尘套漏油,"G51,",2021-01-28,信息审核
568188,东风日产,逍客,2021款 2.0L CVT 智享版,东风日产逍客轮胎生产日期与整车相差大,"M284,",2021-01-28,处理反馈
568186,东风日产,天籁,2021款 2.0L XL 舒适版,东风日产天籁加满油后刹车时汽油箱异响,"H72,H93,H147,",2021-01-28,处理反馈
568180,北京现代,悦纳,2020款 1.4L 手动 炫酷版GLS,北京现代悦纳4S店维修配件迟迟不到货,"N318,",2021-01-28,信息审核
568178,东风标致,标致4008,2017款 350THP 精英版,东风标致4008发动机烧机油希望处理,"A63,",2021-01-28,用户评分
568176,一汽丰田,卡罗拉,2021款 1.2T S-CVT 豪华版,一汽丰田卡罗拉车门螺丝未安装到位,"J304,",2021-01-28,信息审核
568169,海马汽车,海马8S,2019款 1.6TGDI 手动 劲版,海马8S充电口没电 安全气囊有异响,"H79,H110,H103,",2021-01-28,信息审核
568168,上汽大众,途昂,2020款 330TSI 两驱 豪华版 国VI,上汽大众途昂车窗玻璃爆裂要求给予解决,"H113,I295,",2021-01-28,处理反馈
568164,江淮汽车,嘉悦A5,2020款 1.5T CVT 超越+型,江淮嘉悦A5引擎盖以及车身A柱生锈,"H81,",2021-01-28,用户评分
568163,东风悦达起亚,智跑,2018款 2.0L 自动 智享豪华版,起亚智跑行驶时前后减震异响 底盘异响,"G52,G56,",2021-01-28,处理反馈
568160,北京现代,索纳塔,2020款 380TGDi TOP 自动 旗舰版,北京现代索纳塔购车后保养券未兑现,"L313,",2021-01-28,信息审核
568159,一汽-大众奥迪,奥迪A4L,2019款 40 TFSI 时尚型 国VI,奥迪A4L发动机抖动变速箱顿挫转向抖动,"A24,B19,D80,",2021-01-28,信息审核
568157,一汽-大众,一汽-大众CC,2020款 330TSI 华颜版 国VI,一汽大众CC主驾驶反光镜和车门损坏,"H149,H211,",2021-01-28,处理反馈
568156,一汽-大众,探岳,2019款 330TSI 两驱 豪华型 国Ⅵ,一汽大众探岳车灯不亮透镜有脏污痕迹,"H82,",2021-01-28,处理反馈
568152,东南汽车,东南DX3,2018款 1.5L 手动 尊贵型,东南DX3行驶时发动机异响严重 转向异响,"A9,D59,",2021-01-27,处理反馈
568148,观致汽车,观致5,2018款 1.6T 自动 尊贵型,观致5中控车机黑屏重启 蓝牙音乐卡顿,"H134,H155,I294,",2021-01-27,信息审核
568147,东风本田,本田CR-V,2018款 1.5T 手动 两驱 经典版,东风本田CR-V铝合金轮毂氧化 中控骨架生锈,"H79,H243,",2021-01-27,处理反馈
568146,一汽丰田,奕泽IZOA,2020款 2.0L 奕享版,一汽丰田奕泽仪表台材质差擦拭出现划痕,"H176,",2021-01-27,信息审核
568144,星途,星途TXL,2021款 1.6T 两驱 星享版,星途TXL车机双联屏黑屏 空调控制按钮失灵,"H134,H101,H155,",2021-01-27,信息审核
568142,广汽菲克Jeep,自由侠,2016款 1.4T 自动 高能版,广汽菲克Jeep自由侠漏玻璃水导致车内积水,"H109,",2021-01-27,厂家受理
568141,长安福特,锐际,2020款 EcoBoost 245 四驱 纵享款 ST-LINE,长安福特锐际变速箱换挡共振希望厂家解决,"B208,",2021-01-27,处理反馈
568139,北汽昌河,北汽EV2,2019款 改款 8度版 1.8kW车载充电机,北汽昌河EV2零度以下电池不能充电,"H340,",2021-01-27,信息审核
568138,东风日产,轩逸,2019款 1.6XE+ CVT 智联豪华版 经典,东风日产轩逸行驶时中控台异响明显,"H93,",2021-01-27,处理反馈
568135,东风雪铁龙,雪铁龙C4L,2015款 1.8L 自动 豪华版,东风雪铁龙C4L方向盘晃动有很大间隙,"D80,D337,",2021-01-27,用户评分
568131,新大洲本田,e韵110,踏板车,新大洲本田e韵110发动机异响声音嘈杂,"A9,",2021-01-27,信息审核
568128,广汽丰田,雷凌,2021款 185T CVT 豪华版,广汽丰田雷凌变速箱低速顿挫抖动,"B19,B95,",2021-01-27,信息审核
568127,一汽丰田,威驰,2014款 1.5L 自动 智臻版,一汽丰田威驰4S店拆装后发动机异响	,"A9,J300,",2021-01-27,信息审核
568126,东风日产,阳光,2015款 1.5XE CVT 舒适版,东风日产阳光变速箱挡位传感器故障故障灯亮,"B96,",2021-01-27,处理反馈
568124,广汽本田,凌派,2019款 180Turbo CVT 豪华版 国VI,本田凌派正时皮带设计缺陷导致机油滤网堵塞,"Q322,",2021-01-27,用户评分
568122,东风日产,逍客,2019款 2.0L CVT 智享版,东风日产逍客4S店保养后车辆无法行驶,"J300,",2021-01-27,用户评分
568119,江淮汽车,瑞风S3,2017款 1.5L 手动 豪华智能型,江淮瑞风S3不平路面行驶时减震器出现异响,"G52,G204,",2021-01-27,处理反馈
568118,路虎进口,揽胜星脉,2020款 P250,进口路虎揽胜星脉行驶中共振影响正常驾驶,"H268,",2021-01-27,处理反馈
568112,东风日产,奇骏,2017款 2.0L CVT 舒适版 5座 2WD,东风日产奇骏车身漆面鼓包A柱处生锈,"H79,H81,",2021-01-27,处理反馈
568111,奇瑞汽车,瑞虎8,2019款 1.6TGDI 自动 豪华型,奇瑞瑞虎8变速箱换挡杆故障导致无法挂挡,"B184,H67,H88,",2021-01-27,处理反馈
568106,东南汽车,东南DX7,2017款 1.5T 自动 豪华型,东南DX7电子手刹抱死失灵无法解锁,"E159,",2021-01-27,处理反馈
568103,广汽丰田,凯美瑞,2015款 2.0G 自动 领先版,广汽丰田凯美瑞主驾驶座椅靠背调节异响,"H169,",2021-01-27,信息审核
568102,上汽大众,途观L,2020款 330TSI 自动 两驱 智动豪华版 国VI,上汽大众途观L发动机抖动 语音功能故障,"A24,H134,",2021-01-27,处理反馈
568100,广汽本田,雅阁,2018款 2.0L 锐领版 锐·混动 国V,广汽本田雅阁发动机缸盖渗油未彻底解决,"A12,",2021-01-27,用户评分
568092,长城汽车,哈弗H5,2018款 2.0T 手动 四驱 精英型 经典版 柴油,哈弗H5发动机进气管爆裂存在质量问题,"H168,",2021-01-27,处理反馈
568087,东风本田,本田CR-V,2021款 240TURBO CVT 两驱 舒适版,东风本田CR-V机油乳化希望厂家处理,"A13,",2021-01-27,处理反馈
568085,长安福特,锐际,2020款 EcoBoost 245 四驱 纵享款 ST-LINE,长安福特锐际后排座椅快速放倒拉杆减配,"Q350,",2021-01-27,处理反馈
568084,奇瑞汽车,艾瑞泽5,2016款 1.5L CVT 领潮版,奇瑞艾瑞泽5变速器异响希望尽快处理,"B33,",2021-01-27,处理反馈
568083,捷豹,捷豹XJ,2016款 XJL 2.0T 两驱 典雅商务版,捷豹XJ桃木内饰板开裂希望尽快解决,"H168,",2021-01-27,处理反馈
568082,广汽丰田,凯美瑞,2007款 240V 2.4 自动 至尊版,广汽丰田凯美瑞中控仪表台开裂存在质量问题	,"H176,",2021-01-27,信息审核
568079,北京现代,名图,2014款 1.8L 自动 舒适型,北京现代名图发动机拉缸熄火 换挡顿挫,"A14,A136,B19,H110,",2021-01-27,信息审核
568078,一汽-大众,一汽-大众CC,2020款 330TSI 魅颜版 国VI,一汽大众CC车身与车内多处异响希望处理,"H15,H164,",2021-01-27,处理反馈
568077,吉利汽车,帝豪GL,2020款 1.4T CVT 豪华型,吉利帝豪GL后备箱无法关闭售后无法解决,"H68,",2021-01-27,处理反馈
568073,广汽丰田,雷凌,2016款 1.6G CVT 精英版,广汽丰田雷凌后减震器漏油希望处理,"G25,",2021-01-27,信息审核
568069,一汽-大众,迈腾,2018款 330TSI DSG 豪华型 改款,一汽大众迈腾行驶中底盘异响厂家未解决,"G56,",2021-01-27,处理反馈
568061,东风日产,天籁,2020款 2.0T XL Upper AD1 智享领航版,东风日产天籁启停装置失灵存在质量问题,"H263,",2021-01-27,处理反馈
568060,一汽-大众,速腾,2019款 200TSI DSG 舒适型 国VI,一汽大众速腾两前大灯亮度低影响行车安全,"H82,",2021-01-27,处理反馈
568055,东风日产,奇骏,2017款 2.0L CVT 舒适版 5座 2WD,东风日产奇骏后减震器漏油存在质量问题,"G25,",2021-01-27,用户评分
568053,东风日产,奇骏,2014款 2.0L XL CVT 两驱 舒适版,东风日产奇骏行驶时加速有抖动现象,"B33,B95,",2021-01-27,用户评分
568052,上汽大众斯柯达,昕锐,2019款 1.5L 手动 舒适版 国V,斯柯达昕锐售后承诺质量维修未兑现,"L314,",2021-01-27,处理反馈
568051,一汽-大众,宝来,2019款 1.5L 自动 舒适型,一汽大众宝来向右转弯时左前轮出现异响,"G125,",2021-01-27,用户评分
568050,东风日产,天籁,2020款 2.0L XL 舒适版,东风日产天籁后排音响失灵 倒车影像蓝屏,"H79,H134,",2021-01-27,处理反馈
568046,一汽-大众,探岳,2020款 330TSI 两驱 豪华智联版,一汽大众探岳颗粒捕捉器堵塞油耗增加,"A114,",2021-01-27,处理反馈
568043,吉利汽车,远景X6,2016款 1.8L 手动 豪华型,吉利远景X6车身生锈修复后再次生锈,"H79,",2021-01-27,处理反馈
568040,奇瑞捷豹路虎,发现运动版,2020款 249PS R-Dynamic 性能版,路虎发现运动版刹车顿挫 中控死机,"B19,H134,",2021-01-27,处理反馈
568035,东风日产,逍客,2016款 2.0L CVT 豪华版,东风日产逍客变速箱电磁阀故障无法行驶,"B20,B96,",2021-01-27,处理反馈
568034,广汽丰田,雷凌,2021款 双擎 1.8H E-CVT 豪华版,广汽丰田雷凌主驾驶后视镜底壳破损,"H211,",2021-01-27,信息审核
568033,东风本田,本田CR-V,2019款 240TURBO CVT 两驱 风尚版 国VI,东风本田CR-V发动机机油增多机油乳化,"A339,A13,",2021-01-27,处理反馈
568025,奇瑞汽车,瑞虎7,2020款 1.5T 手动 舒适型,奇瑞瑞虎7车门异响 行驶时车身共振,"H72,H268,",2021-01-27,处理反馈
568023,江淮汽车,瑞风S3,2015款 1.5L 手动 豪华智能尊享版,江淮瑞风S3油箱无磕碰无变形漏油,"H75,",2021-01-27,用户评分
568022,长安福特,锐际,2020款 EcoBoost 245 四驱 耀享款,长安福特锐际仪表提示动力总成故障,"A34,",2021-01-27,用户评分
568021,广汽丰田,YARiS L 致享,2017款 1.5E CVT 魅动版,广汽丰田致享涨紧轮异响希望厂家处理,"A9,",2021-01-27,信息审核
568020,几何汽车,几何C,2020款 甄选续航版 550KM C++,几何C经销商拖欠增购补贴1.5万元,"L313,",2021-01-27,信息审核
568015,上汽大众斯柯达,柯迪亚克,2017款 TSI330 两驱 豪华版 7座,斯柯达柯迪亚克变速箱处于紧急状态,"B115,",2021-01-27,处理反馈
568014,东风标致,标致408,2020款 360THP 十周年纪念版,东风标致408经销商不退购置税与上牌费,"K307,",2021-01-27,用户评分
568002,一汽-大众奥迪,奥迪A4L,2020款 40 TFSI 豪华动感型,一汽大众奥迪A4L大灯内部有流胶痕迹,"H220,",2021-01-27,信息审核
567995,广汽丰田,雷凌,2019款 185T CVT 豪华版 国VI,广汽丰田雷凌方向盘松动异响希望厂家处理,"D59,D80,H72,",2021-01-27,信息审核
567989,一汽-大众,迈腾,2018款 330TSI DSG 豪华型,一汽大众迈腾变速箱漏油厂家未联系,"B22,I294,",2021-01-27,处理反馈
567985,威马汽车,威马EX5,2020款 EX5-Z Fun动感版,威马EX5销售人员态度恶劣不解决问题,"I295,I293,",2021-01-27,信息审核
567984,江铃汽车,驭胜S350,2016款 2.0T 自动 四驱 汽油 豪华天窗版 5座,江铃驭胜S350车身多处生锈4S店服务态度差,"H79,I293,",2021-01-27,信息审核
567983,上汽大众斯柯达,速派,2019款 TSI330 DSG 舒适版,斯柯达速派提示机油压力不足希望处理,"A34,",2021-01-27,处理反馈
567982,上汽大众,途岳,2020款 330TSI 四驱 旗舰版 国VI,上汽大众途岳怠速或行驶时车身抖动,"H268,",2021-01-27,处理反馈
567979,吉利汽车,帝豪GS,2018款 1.8L 自动 运动版 领尚型,吉利帝豪GS车门内侧生锈腐蚀导致渗水,"H79,H109,",2021-01-27,处理反馈
567978,东风日产,逍客,2017款 2.0L CVT 智享版 国V,东风日产逍客方向盘按键有裂纹厂家不予索赔,"H168,I297,",2021-01-27,用户评分
567977,一汽丰田,亚洲龙,2019款 双擎 2.5L 豪华版 国Ⅵ,一汽丰田亚洲龙方向盘异响 车内共振异响,"D59,H164,",2021-01-27,信息审核
567971,北京奔驰,奔驰E级,2018款 E 300 L 运动时尚型 改款,北京奔驰E级打方向有异响厂家未解决,"D59,",2021-01-27,处理反馈
567970,奇瑞汽车,艾瑞泽5,2016款 1.5L 手动 领潮版,奇瑞艾瑞泽5车门生锈厂家不积极处理,"H79,",2021-01-27,处理反馈
567968,长安汽车,长安CS55 PLUS,2020款 1.5T 自动 炫动型,长安CS55 PLUS优科豪马轮胎开裂,"F100,",2021-01-27,处理反馈
567966,吉利汽车,帝豪GS,2018款 1.4T 自动 运动版 领尚型,吉利帝豪GS低速行驶时后桥有异响,"G158,I292,",2021-01-27,用户评分
567965,一汽-大众奥迪,奥迪Q2L e-tron,2019款 Q2L e-tron 纯电智酷型,一汽大众奥迪Q2Le-tron 4S店服务态度差,"I293,",2021-01-27,信息审核
567963,一汽-大众奥迪,奥迪A6L,2014款 30 FSI CVT  舒适型,一汽大众奥迪A6L天窗漏水厂家不解决,"H90,I295,",2021-01-27,信息审核
567962,远程汽车,E200,新能源厢式货车,远程汽车E200车辆启动后无法提速,"H343,",2021-01-27,信息审核
567961,一汽丰田,亚洲龙,2019款 双擎 2.5L XLE 尊贵版 国Ⅵ,一汽丰田亚洲龙发动机气门室盖漏油,"A12,",2021-01-27,信息审核
567959,奇瑞汽车,瑞虎5x,2020款 1.5L CVT 时尚版,奇瑞瑞虎5x变速箱挂倒挡倒车顿挫延迟,"B19,B69,",2021-01-27,处理反馈
567958,江铃福特,领界,2019款 EcoBoost 145 CVT 48V 尊领型PLUS 国VI,江铃福特领界前车门异响 中控台异响,"H72,H93,",2021-01-27,处理反馈
567956,江铃福特,领界,2020款 领界S EcoBoost 145 CVT 铂领型,江铃福特领界4S店低开购车发票新车车门异响,"H72,K307,K308,",2021-01-27,处理反馈
567953,一汽-大众,探岳,2020款 380TSI 四驱 R-Line智联版,一汽大众探岳车载互联故障希望厂家处理问题,"H155,",2021-01-27,处理反馈
567949,一汽-大众,速腾,2021款 280TSI DSG 豪华智联版,一汽大众速腾后备箱锁固定点下沉关闭困难,"B33,E43,H68,",2021-01-27,处理反馈
567946,吉利汽车,缤越,2019款 260T DCT Battle 运动款 国V,吉利缤越变速箱电机厂家无货希望处理,"N318,",2021-01-27,用户评分
567944,吉利汽车,缤越,2020款 PRO 260T DCT 骑士,吉利缤越天窗胶条老化希望尽快解决,"H48,",2021-01-27,用户评分
567942,吉利汽车,缤越,2020款 PRO 260T DCT Battle,吉利缤越4S店销售承诺未兑现提不到车,"L313,",2021-01-27,处理反馈
567940,东风日产,逍客,2016款 2.0L CVT 精英版,东风日产逍客无任何提示行驶途中失速,"B334,",2021-01-27,处理反馈
567939,威马汽车,威马EX5,2018款 EX5 400 Extra创新版,威马EX5方向盘座椅脱皮影音系统故障,"H134,H168,",2021-01-27,处理反馈
567938,吉利汽车,吉利ICON,2020款 1.5TD i9 BSG,吉利ICON发动机怠速低希望得到处理,"A35,",2021-01-27,用户评分
567933,长安福特,翼虎,2017款 EcoBoost 245 四驱 豪翼型,长安福特翼虎油箱无法加满中控台有异响,"H93,H147,",2021-01-27,用户评分
567928,一汽-大众,速腾,2018款 280TSI 双离合 豪华型,一汽大众速腾副驾驶空调出风口异响,"H101,",2021-01-27,处理反馈
567926,天津一汽,骏派CX65,2018款 1.5L 手动 豪华型,天津一汽骏派CX65变速箱异响发动机异响,"A9,B33,H101,H118,",2021-01-27,信息审核
567922,华晨宝马,宝马1系,2020款 125i 领先型 M运动套装,华晨宝马1系空调无法关闭升级程序未解决,"H101,",2021-01-27,信息审核
567921,广汽丰田,雷凌,2017款 185T CVT 新锐版 国V 改款,广汽丰田雷凌刹车后车辆振动 转速不稳,"A24,A35,",2021-01-27,信息审核
567920,一汽-大众,迈腾,2020款 330TSI DSG 豪华型,一汽大众迈腾飞轮异响严重希望4S店解决,"B33,",2021-01-27,用户评分
567919,一汽丰田,卡罗拉,2019款 1.2T S-CVT GL-i精英版,一汽丰田卡罗拉低速行驶变速箱顿挫异响,"B33,B19,",2021-01-27,信息审核
567918,华晨中华,中华V7,2019款 运动款 300T 自动 尊贵型,华晨中华V7中控死机黑屏厂家不回访,"H134,I294,",2021-01-27,信息审核
567916,庆铃汽车,TAGA达咖,2018款 3.0T 四驱 豪华版,庆铃TAGA达咖空调暖风故障灯光变暗,"H110,",2021-01-27,信息审核
567915,一汽-大众奥迪,奥迪A6L,2018款 35 TFSI 双离合 运动型,一汽大众奥迪A6L方向机安全卡扣断裂,"D59,D265,",2021-01-27,信息审核
567911,上汽大众,Polo,2019款 Plus 1.5L 自动 全景乐享版,上汽大众Polo车窗玻璃出厂日期不一致,"M284,",2021-01-27,处理反馈
567909,东风日产,逍客,2016款 2.0L CVT 精英版,东风日产逍客低速行驶时变速箱顿挫,"B19,",2021-01-27,用户评分
567902,一汽-大众奥迪,奥迪A4L,2018款 2.0T 进取型 30周年年型,大众奥迪A4L发动机舱异响4S店否认问题,"A9,I292,",2021-01-27,信息审核
567900,长城汽车,炮,2020款 2.0T 越野版 自动 汽油 四驱 高阶版 GW4C20B,长城炮变速箱P挡不回位D挡无法行驶,"B20,B334,",2021-01-27,处理反馈
567899,长安汽车,长安CS55 PLUS,2021款 蓝鲸版 1.5T DCT 豪华型,长安CS55 PLUS变速箱顿挫 倒挡无法行驶,"B19,B334,",2021-01-27,处理反馈
567898,长安福特,蒙迪欧,2018款 EcoBoost 180 智控时尚型 国V,长安福特蒙迪欧车载USB接口无法充电,"H155,",2021-01-27,处理反馈
567895,一汽-大众奥迪,奥迪A3,2019款 Limousine 35 TFSI 时尚型 国VI,一汽大众奥迪A3发动机机油不足导致报警,"A12,A63,",2021-01-27,信息审核
567891,广汽本田,飞度,2006款 飞度 1.5 CVT,广汽本田飞度变速箱挂挡不走轻给油窜车,"B19,",2021-01-27,处理反馈
567889,一汽-大众,迈腾,2019款 330TSI DSG 豪华型 国V,一汽大众迈腾变速箱异响顿挫 加速无力,"B33,B19,B334,I295,",2021-01-27,用户评分
567888,北京现代,领动,2018款 1.4T 双离合 炫动·活力型,北京现代领动行驶时变速器持续异响,"B33,",2021-01-27,处理反馈
567887,比亚迪,比亚迪F3,2010款 1.5 手动 新白金版实用型,比亚迪F3底盘生锈腐蚀要求厂家尽快解决,"H79,",2021-01-27,处理反馈
567880,上汽大众,桑塔纳,2021款 1.5L 自动 风尚版,上汽大众桑塔纳合格证二维码无法识别车辆,"I295,O353,",2021-01-27,用户评分
567879,北京现代,途胜,2015款 1.6T   双离合 两驱 领先型,北京现代途胜经销商进行全车检查周期长,"J299,",2021-01-27,处理反馈
567878,一汽-大众,迈腾,2018款 330TSI DSG 豪华型,一汽大众迈腾变速箱进入紧急运行模式,"B84,B115,",2021-01-27,处理反馈
567876,东风悦达起亚,智跑,2019款 2.0L 自动 智享豪华版,东风悦达起亚智跑车身共振异响严重,"H15,H268,",2021-01-27,处理反馈
567875,一汽-大众奥迪,奥迪A6L,2020款 40 TFSI 豪华动感型,一汽大众奥迪A6L行驶自动加速4S店不解决,"B19,I295,",2021-01-27,信息审核
567873,奥迪（进口）,奥迪A5,2019款 Sportback 40 TFSI 时尚型,奥迪A5发动机怠速异响要求更换发动机,"A9,",2021-01-27,信息审核
567872,一汽奔腾,奔腾T77,2019款 230 TID 自动 舒适型 国VI,一汽奔腾T77中控屏幕闪屏一直未解决,"H134,",2021-01-27,用户评分
567871,吉利汽车,帝豪GL,2018款 1.4T 自动 尊贵智联型,吉利帝豪GL变速箱异响抖动 车身异响,"B33,B95,H15,",2021-01-27,处理反馈
567868,广汽丰田,汉兰达,2018款 2.0T 四驱 豪华版 7座 国VI,广汽丰田汉兰达刹车方向盘失控 后轮打滑	,"B27,D57,E29,H170,",2021-01-27,信息审核
567865,广汽本田,雅阁,2018款 2.0L 锐智版 锐·混动 国VI,广汽本田雅阁变速箱故障灯亮要求厂家处理,"B96,",2021-01-27,处理反馈
567864,华晨宝马,宝马3系,2016款 316i 时尚型,华晨宝马3系发动机烧机油抖动4S店不予索赔,"A24,A63,I297,",2021-01-27,处理反馈
567860,北京现代,途胜,2015款 1.6T   双离合 两驱 智能型,北京现代途胜三元催化故障 不予索赔,"H54,I297,",2021-01-27,处理反馈
567859,长安福特,蒙迪欧,2013款 1.5T 自动 GTDi180时尚型,长安福特蒙迪欧防冻液渗漏发动机烧机油,"A63,A37,",2021-01-27,用户评分
567857,长安汽车,逸动XT,2018款 1.6L GDI 自动 风潮型 国V,长安逸动XT引擎盖以及车门多处生锈,"H79,",2021-01-27,处理反馈
567855,东风雪铁龙,雪铁龙C4L,2014款 1.6THP 自动 智驱版 劲智型,东风雪铁龙C4L发动机烧机油漏油,"A12,A63,",2021-01-27,用户评分
567852,北京现代,领动,2016款 1.6L 自动 智炫·精英型,北京现代领动冬天打方向异响维修后未解决,"D59,",2021-01-27,处理反馈
567851,吉利汽车,缤越,2019款 260T DCT 游侠 运动款 国V,吉利缤越变速箱换挡异响厂家不解决,"B33,I295,",2021-01-27,处理反馈
567850,广汽丰田,雷凌,2016款 1.6G CVT 精英版,广汽丰田雷凌减震器漏油希望给予解决,"G25,",2021-01-27,信息审核
567849,一汽-大众,速腾,2019款 200TSI DSG 舒适型 国VI,一汽大众速腾首保时发现车辆保养过,"M284,",2021-01-27,处理反馈
567846,北京现代,领动,2016款 1.6L 自动 智炫·精英型,北京现代领动跑高速时岀现方向卡滞,"D123,",2021-01-27,处理反馈
567840,奇瑞汽车,瑞虎3,2014款 1.6L 手动 智尚版 5座,奇瑞瑞虎3转向异响后备箱异响 转向机漏油,"D59,D58,H68,",2021-01-27,处理反馈
567837,上汽大众,帕萨特新能源,2019款 430PHEV 混动 豪华版,上汽大众帕萨特新能源机油增多启动困难,"A339,A44,",2021-01-27,用户评分
567832,一汽-大众,速腾,2018款 280TSI DSG熠动版,一汽大众速腾发动机内高压泵异响现象严重,"A9,",2021-01-27,处理反馈
567828,领克,领克05,2020款 2.0TD 两驱 耀Halo,领克05新车车机高德地图已绑定他人微信,"I294,P327,",2021-01-26,处理反馈
567826,上汽集团,荣威360,2018款 1.5L 自动 豪华版 PLUS,上汽荣威360发动机和变速箱连接处漏油,"A12,B22,I297,",2021-01-26,处理反馈
567825,长安福特,金牛座,2015款 245  豪华型,长安福特金牛座后备箱漏水 天窗无法开启,"H109,H192,",2021-01-26,处理反馈
567824,一汽-大众,速腾,2021款 280TSI DSG 舒适智联版,一汽大众速腾4S店强制收服务费与店内上保险,"K307,K325,",2021-01-26,处理反馈
567823,东风日产,奇骏,2020款 2.0L XL ITS CVT 2WD 智联舒适版,东风日产奇骏颠簸时内饰异响 后悬挂异响,"G204,H164,",2021-01-26,处理反馈
567821,东风乘用车,风神AX7,2019款 经典 260T 自动 豪华型,东风风神AX7发动机故障报警 变速箱无法换挡,"A34,A35,A255,B20,H155,H67,",2021-01-26,处理反馈
567820,上汽大众,途观L,2017款 330TSI 两驱 舒适版,上汽大众途观L变速箱紧急运行模式,"B96,",2021-01-26,用户评分
567816,东南汽车,V3菱悦,2015款 1.5L 手动 风采版,东南V3菱悦怠速抖动共振影响正常驾驶,"A24,H268,",2021-01-26,处理反馈
567815,吉利汽车,吉利ICON,2020款 1.5TD i9 BSG,吉利ICON仪表漏光 方向盘不正 发动机费油,"A85,D154,H202,",2021-01-26,处理反馈
567813,北京现代,领动,2016款 1.6L 自动 智炫·精英型,北京现代领动ABS传感器与防侧滑故障灯亮,"H170,H234,",2021-01-26,处理反馈
567812,吉利汽车,远景X6,2020款 1.4T 手动 豪华型,吉利远景X6发动机故障灯亮车辆没有动力,"A34,",2021-01-26,处理反馈
567808,长安福特,锐界,2021款 PLUS EcoBoost 245 两驱 豪锐型 7座,长安福特锐界车窗及后视镜无法控制,"H110,",2021-01-26,处理反馈
567802,东风日产,奇骏,2014款 2.0L XL CVT 两驱 舒适版,东风日产奇骏变速箱无法加速 天窗漏水,"B334,H90,",2021-01-26,处理反馈
567799,广汽本田,飞度,2014款 1.5L 手动 LX舒适型,广汽本田飞度发动机出现启动困难的现象,"A44,",2021-01-26,处理反馈
567795,广汽三菱,欧蓝德,2020款 2.0L 两驱 畅享版 7座,广汽三菱欧蓝德新车生锈4S店态度蛮横不处理,"H79,",2021-01-26,厂家受理
567791,广汽本田,缤智,2017款 1.5L CVT 两驱 舒适型,广汽本田缤智冬天冷车启动时有打齿声音,"A9,",2021-01-26,处理反馈
567784,一汽丰田,卡罗拉,2021款 1.2T S-CVT 先锋版,一汽丰田卡罗拉变速箱异响希望厂家处理,"B33,",2021-01-26,信息审核
567778,上汽大众斯柯达,昊锐,2009款 1.8TSI 自动 贵雅版,斯柯达昊锐车内严重刺激性异味存在质量问题,"H185,",2021-01-26,处理反馈
567776,上汽通用五菱,宝骏530,2020款 1.5T CVT 尊贵互联型 6座,宝骏530发动机故障灯亮希望厂家处理问题,"A34,",2021-01-26,处理反馈
567775,东风标致,标致408,2015款 1.2T 自动 豪华版,东风标致408更换发动机皮带后烧机油,"A63,J300,",2021-01-26,处理反馈
567772,一汽-大众,速腾,2014款 1.4TSI 自动 豪华型,一汽大众速腾变速箱机电单元故障,"B115,",2021-01-26,处理反馈
567770,一汽-大众奥迪,奥迪A4L,2020款 40 TFSI 时尚动感型,一汽大众奥迪A4L车门密封条脱落希望处理,"H48,",2021-01-26,信息审核
567768,BEIJING汽车,BEIJING-X7,2020款 1.5TD DCT 致潮版,BEIJING-X7转向抖动 松刹车异响,"D80,E43,",2021-01-26,处理反馈
567765,一汽丰田,RAV4荣放,2019款 2.0L CVT 两驱 风尚X 限量版 国VI,一汽丰田RAV4荣放座椅框架生锈 发动机氧化,"H79,H209,",2021-01-26,信息审核
567764,长安福特,探险者,2020款 EcoBoost 285 四驱 运动版ST-LINE 7座,长安福特探险者低速方向盘抖动 油箱异响,"D80,H147,",2021-01-26,处理反馈
567763,北京现代,索纳塔,2020款 380TGDi GLS 自动 豪华版,北京现代索纳塔耐克森轮胎鼓包希望处理,"F39,",2021-01-26,处理反馈
567762,北汽新能源,北汽新能源EC5,2020款 新风版,北汽新能源EC5空调故障存在质量问题,"H101,",2021-01-26,用户评分
567758,长安福特,锐界,2016款 EcoBoost 245 两驱 精锐型,长安福特锐界发动机抖动 烧防冻液,"A24,A191,",2021-01-26,处理反馈
567756,广汽本田,雅阁,2018款 260TURBO 精英版 国VI,广汽本田雅阁方向盘卡滞 中控台异响,"D123,H93,",2021-01-26,处理反馈
567754,东风日产,奇骏,2020款 2.0L XL ITS CVT 2WD 智联舒适版,东风日产奇骏车机触控功能异常4S店不保修,"H134,I297,",2021-01-26,处理反馈
567750,上汽大众斯柯达,柯迪亚克GT,2019款 TSI330 两驱 豪华版 国VI,斯柯达柯迪亚克GT厂家服务态度差不解决问题,"I295,I293,",2021-01-26,用户评分
567748,沃尔沃亚太,沃尔沃S90,2018款 T5 智尊版,沃尔沃S90轮毂内侧出现裂纹存在质量问题,"H168,",2021-01-26,厂家受理
567747,东风日产,奇骏,2019款 2.0L CVT 智联舒适版 5座 2WD,东风日产奇骏发动机冷车启动冒黑烟,"A114,",2021-01-26,处理反馈
567746,一汽-大众奥迪,奥迪Q5L,2020款 改款 40 TFSI 荣享时尚型,一汽大众奥迪Q5L中控台异响 发票价格不正确,"H93,M279,",2021-01-26,信息审核
567745,江西五十铃,瑞迈,2020款 2.5T 四驱 柴油 领航国VI 瑞迈S 加长版 JE4D25Q6A,五十铃瑞迈故障灯亮爬坡无力出现熄火,"A34,A163,",2021-01-26,信息审核
567744,一汽-大众,一汽-大众CC,2020款 330TSI 魅颜版 国VI,一汽大众CC变速箱异响售后未解决问题,"B33,H89,",2021-01-26,处理反馈
567743,一汽-大众奥迪,奥迪A4L,2019款 40 TFSI 时尚型 国V,一汽大众奥迪A4L变速箱螺栓松动,"B77,",2021-01-26,信息审核
567742,上汽大众斯柯达,速派,2018款 TSI280 DSG 舒适版 国V,斯柯达速派4S店维修后副驾驶拉手饰板破损,"J300,",2021-01-26,处理反馈
567741,北京现代,悦动,2018款 1.6L 自动 悦目版 GL 国VI,北京现代悦动发动机抖动 启动困难,"A24,A44,",2021-01-26,用户评分
567740,广汽乘用车,传祺GS5,2019款 270T 自动 精英版,广汽传祺GS5刹车异响顶棚漏水内饰发霉,"E43,H109,",2021-01-26,处理反馈
567738,东风本田,本田CR-V,2021款 240TURBO CVT 两驱 舒适版,东风本田CR-V变速箱异响顿挫发动机机油增多,"A9,A339,B33,B19,E43,",2021-01-26,处理反馈
567736,东风日产,天籁,2020款 改款 2.0L XL 舒适版,东风日产天籁行驶过程中汽油箱存在异响,"H147,",2021-01-26,用户评分
567734,吉利汽车,嘉际,2021款 1.8TD DCT 豪华型,吉利嘉际厂家旅游基金承诺未兑现,"L313,",2021-01-26,用户评分
567732,上汽大众,途昂X,2020款 改款 380TSI 四驱 尊崇豪华版,上汽大众途昂X赠送保养券一直不兑现,"L314,",2021-01-26,处理反馈
567726,上汽大众,途岳,2020款 280TSI 两驱 豪华版PLUS 国VI,上汽大众途岳雨刮器严重异响且刮不干净,"H60,",2021-01-26,处理反馈
567725,一汽丰田,卡罗拉,2017款 1.2T CVT GL,一汽丰田卡罗拉减震器漏油排气管支架开裂,"G25,H168,",2021-01-26,信息审核
567724,一汽-大众,速腾,2020款 200TSI DSG 舒适型 国VI,一汽大众速腾两侧车身高度不一致,"G204,",2021-01-26,处理反馈
567723,东风日产,轩逸,2020款 改款 1.6L XL CVT 悦享版,东风日产轩逸发动机怠速共振抖动,"A24,",2021-01-26,处理反馈
567721,上汽大众,途铠,2019款 280TSI DSG 舒适版,上汽大众途铠玻璃水漏入发动机舱内,"H109,",2021-01-26,处理反馈
567720,一汽吉林,森雅R9,2018款 1.2T 手动 尊贵智悦型,一汽吉林森雅R9多个故障灯陆续报警,"A34,A163,H110,",2021-01-26,厂家受理
567719,吉利汽车,帝豪GS,2020款 1.4T CVT 雅,吉利帝豪GS缴纳购车款后承诺保养未兑现,"L313,M315,",2021-01-26,处理反馈
567718,长城汽车,欧拉黑猫,2021款 301km 基础型,欧拉黑猫升级后无法使用充电桩预约充电,"O348,",2021-01-26,处理反馈
567717,一汽吉林,森雅R7,2016款 1.6L 手动 智能型,一汽吉林森雅R7方向盘卡顿存在质量问题,"D123,",2021-01-26,信息审核
567715,广汽本田,锋范经典,2009款 锋范 1.8 自动 舒适版,广汽本田锋范经典铝合金轮毂有严重锈蚀,"H243,",2021-01-26,用户评分
567713,吉利汽车,嘉际,2021款 1.8TD DCT 标准型,吉利嘉际发动机抖动 旅游基金不到账,"A24,L313,",2021-01-26,处理反馈
567712,北京现代,北京现代ix35,2021款 2.0L 自动 两驱 舒适版GL,现代ix35加机油不符合说明手册未提前告知,"J299,O305,",2021-01-26,用户评分
567710,东风本田,哥瑞,2016款 1.5L CVT 舒适版,东风本田哥瑞冷车启动异响存在质量问题,"A9,",2021-01-26,用户评分
567708,广汽本田,凌派,2013款 1.8L 自动 舒适版,广汽本田凌派4S店收取高额报价费,"K307,",2021-01-26,用户评分
567706,福田汽车,欧马可,2007款 欧马可N BJ1049V8PD6-3,福田欧马可空调漏氟希望厂家处理问题,"H101,M284,",2021-01-26,信息审核
567705,一汽-大众,迈腾,2011款 1.4TSI 精英型,一汽大众迈腾变速箱异响抖动4S店故意隐瞒,"B33,B95,",2021-01-26,用户评分
567703,一汽-大众奥迪,奥迪A3,2020款 Sportback 35 TFSI 时尚型 国VI,一汽大众奥迪A3新车发动机故障报警,"A34,",2021-01-26,信息审核
567702,上汽大众,凌渡,2021款 280TSI DSG 舒适版,上汽大众凌渡天窗玻璃破损厂家未回复,"H113,I294,",2021-01-26,用户评分
567701,上汽大众,桑塔纳,2019款 1.5L 手动 风尚版 国VI,上汽大众桑塔纳大灯起雾影响行车安全,"H88,",2021-01-26,处理反馈
567698,北京奔驰,奔驰GLB,2020款 GLB 180 动感型,北京奔驰GLB未安装碳罐电磁阀阻尼器,"Q322,",2021-01-26,处理反馈
567696,吉利汽车,嘉际,2021款 智擎 1.5TD DCT 尊贵型,吉利嘉际购车时经销商承诺旅游基金不兑现,"L313,",2021-01-26,处理反馈
567693,上汽大众斯柯达,柯迪亚克,2017款 TSI330 两驱 豪华版 7座,斯柯达柯迪亚克变速箱机电控制单元故障,"B115,B27,",2021-01-26,处理反馈
567692,一汽红旗,红旗H5,2018款 30TD 智联韵动版,一汽红旗H5仪表提示冷却液温度过高,"A34,A191,",2021-01-26,信息审核
567691,奇瑞捷豹路虎,捷豹XFL,2018款 XFL 2.0T 250PS 豪华版,捷豹XFL店内存在消费欺诈开具虚假索赔单,"M284,",2021-01-26,用户评分
567689,广汽本田,缤智,2019款 1.5L CVT 先锋版 国VI,广汽本田缤智车门玻璃升降存在错位,"H67,",2021-01-26,用户评分
567688,广汽乘用车,传祺GA6,2016款 235T 手动 精英版,广汽传祺GA6油箱盖转轴自动断裂,"H168,",2021-01-26,处理反馈
567684,一汽丰田,威驰,2017款 1.5L 手动 创行版,一汽丰田威驰变速箱异响厂家未联系解决,"B33,I294,",2021-01-26,信息审核
567683,东风乘用车,风神A30,2014款 1.5L 手动 实尚型,东风风神A30转向EPS故障灯亮希望解决,"D291,",2021-01-26,处理反馈
567681,Jeep（进口）,指南者（进口）,2014款 2.4L 自动 四驱 豪华导航版 改款,进口Jeep指南者车内异味严重要求解决,"H185,",2021-01-26,厂家受理
567680,一汽丰田,亚洲龙,2019款 双擎 2.5L XLE 尊贵版 国Ⅵ,一汽丰田亚洲龙行驶时车门异响副驾驶异响,"H72,H164,",2021-01-26,信息审核
567677,东风本田,INSPIRE,2019款 260TURBO 典雅版 国VI,东风本田INSPIRE怠速及自动驻车时抖动,"A24,",2021-01-26,处理反馈
567675,上汽大众,凌渡,2019款 230TSI DSG 风尚版 国VI,上汽大众凌渡车辆行驶发动机或变速箱顿挫,"A24,B19,",2021-01-26,用户评分
567672,东风日产,天籁,2019款 2.0L XL Upper 智行版,东风日产天籁中控蓝屏 APP卡死希望处理,"H155,",2021-01-26,处理反馈
567671,上汽大众斯柯达,柯珞克,2019款 TSI280 智行豪华版 国Ⅵ,斯柯达柯珞克经销商只提供了一把车钥匙,"M284,",2021-01-26,处理反馈
567669,一汽-大众奥迪,奥迪A3,2016款 Limousine 1.4T 双离合 领英型,一汽大众奥迪A3变速箱故障报警 动力消失,"B96,B334,",2021-01-26,信息审核
567667,东风本田,本田UR-V,2020款 370TURBO 两驱 尊雅版,东风本田UR-V发动机漏油希望处理,"A12,",2021-01-26,处理反馈
567666,广汽本田,雅阁,2016款 2.0L CVT  舒适版,广汽本田雅阁两前邓禄普轮胎出现裂痕,"F100,",2021-01-26,处理反馈
567665,长城汽车,长城C30新能源,2017款 豪华型,长城C30新能源动力电池故障导致续航短,"H343,",2021-01-26,用户评分
567663,一汽-大众,速腾,2018款 280TSI DSG熠动版,一汽大众速腾韩泰轮胎全部开裂要求解决,"F100,",2021-01-26,处理反馈
567662,上汽大众斯柯达,速派,2018款 TSI330 DSG 舒适版 国VI,斯柯达速派起步加速突然无动力输出,"B334,",2021-01-26,处理反馈
567660,江西五十铃,瑞迈,2020款 2.8T 经典 四驱 柴油 国VI 舒适型 加长版 JE493ZLQ6E,五十铃瑞迈发动机舱漏水 刹车失灵,"E29,H109,",2021-01-26,信息审核
567659,一汽-大众,宝来,2018款 1.5L 自动 时尚型,一汽大众宝来发动机爆震敲缸异响严重,"A9,A18,",2021-01-26,处理反馈
567658,一汽-大众,速腾,2018款 280TSI 双离合 豪华型,一汽大众速腾韩泰轮胎出现裂纹要求解决,"F100,",2021-01-26,处理反馈
567657,长安凯程,长安睿行S50,2018款 S50V 1.5L 物流版 5座 国V,长安睿行S50发动机抖动烧机油故障灯亮,"A24,A34,A63,",2021-01-26,处理反馈
567654,江铃福特,撼路者,2020款 运动版 2.3T 汽油 自动 四驱 豪华版 7座,江铃福特撼路者福特派APP无法激活使用,"H155,",2021-01-26,处理反馈
567653,长安汽车,长安欧尚X5,2021款 1.5T DCT 尊贵型,长安欧尚X5降挡时变速箱出现异常响声,"B33,",2021-01-26,处理反馈
567652,奇瑞汽车,艾瑞泽5,2016款 1.5L 手动 领潮版,奇瑞艾瑞泽5方向盘抖动跑偏 转向卡滞,"D123,D80,D154,",2021-01-26,处理反馈
567651,众泰汽车,江南TT,2010款 0.8L 舒适型,众泰江南TTOBD接口无法连接和车身开裂,"H168,H49,",2021-01-26,信息审核
567650,吉利汽车,缤瑞,2020款 1.4T CVT 亚运版,吉利缤瑞刹车异响 碳罐电磁阀异响,"B33,E43,E333,H72,H89,",2021-01-26,处理反馈
567648,北京奔驰,奔驰GLB,2020款 GLB 180 时尚型,北京奔驰GLB减配阻尼器导致发动机异响,"A9,Q322,",2021-01-26,信息审核
567647,奇瑞捷豹路虎,发现神行,2016款 2.0T HSE,奇瑞路虎发现神行正时链条断裂动力消失,"A255,A45,",2021-01-26,处理反馈
567646,吉利汽车,缤越,2020款 PRO 260T DCT 骑士,吉利缤越行驶时减震异响厂家无配件,"G52,N318,",2021-01-26,处理反馈
567645,东风雪铁龙,C4世嘉,2018款 1.6L 自动 豪华型,东风雪铁龙C4世嘉方向盘晃动虚位很大,"D337,",2021-01-26,处理反馈
567644,广汽本田,缤智,2019款 220 TURBO CVT 豪华版 国VI,广汽本田缤智发动机机油增多带有汽油味,"A339,",2021-01-26,处理反馈
567643,东风小康,风光580,2017款 1.5T CVT 智尚型,东风风光580下摆臂损坏经销商不予索赔,"G210,I297,",2021-01-26,处理反馈
567640,吉利汽车,帝豪GS,2016款 1.3T 自动 领尚型 运动版,吉利帝豪GS佳通轮胎开裂存在质量问题,"F100,",2021-01-26,处理反馈
567637,吉利汽车,帝豪GS,2019款 1.4T 手动 雅,吉利帝豪GS事故维修售后无配件更换,"N318,",2021-01-26,处理反馈
567633,一汽丰田,亚洲龙,2019款 2.0L 豪华版 国VI,一汽丰田亚洲龙车身漆面过薄导致出现划痕,"Q322,",2021-01-26,信息审核
567632,东风日产,劲客,2017款 1.5L CVT 智行版,东风日产劲客优科豪马轮胎鼓包起皮,"F186,F39,",2021-01-26,处理反馈
567631,东风本田,本田CR-V,2021款 240TURBO CVT 两驱 风尚版,东风本田CR-V变速箱漏油 仪表台左侧异响,"B22,H93,",2021-01-26,处理反馈
567626,广汽本田,飞度,2014款 1.5L CVT LX舒适型,广汽本田飞度冷车启动困难希望处理,"A44,",2021-01-26,处理反馈
567624,一汽-大众,探岳,2020款 330TSI 两驱 豪华智联版,一汽大众探岳发动机怠速转速高 变速箱顿挫,"A85,A35,B19,",2021-01-26,处理反馈
567622,上汽大众斯柯达,昕锐,2018款 1.6L 手动 舒适版,斯柯达昕锐发动机漏油 进气系统漏气,"A12,",2021-01-26,处理反馈
567621,一汽丰田,RAV4荣放,2016款 2.5L 自动 四驱 精英版,一汽丰田RAV4荣放右前侧半轴防尘套漏油,"G51,",2021-01-26,信息审核
567615,东风标致,标致408,2014款 1.8L 自动 豪华版,东风标致408发动机严重烧机油希望厂家处理,"A63,",2021-01-26,用户评分
567614,东风雪铁龙,雪铁龙C4L,2015款 1.8L 自动 豪华版,东风雪铁龙C4L方向盘自由间隙大,"D337,",2021-01-26,处理反馈
567611,上汽大众,途观L,2018款 330TSI 自动 两驱 豪华版 改款,上汽大众途观L后轮异响 中控异响,"G125,H93,",2021-01-26,处理反馈
567610,一汽-大众,速腾,2018款 280TSI 双离合 豪华型,一汽大众速腾韩泰轮胎开裂存在质量问题,"F100,",2021-01-26,用户评分
567606,一汽-大众,速腾,2019款 280TSI DSG 舒适型 国VI,一汽大众速腾售后维修技术差 发动机漏油,"A9,A12,J300,J303,",2021-01-26,用户评分
567600,一汽-大众捷达,捷达VS5,2019款 280TSI 自动 进取型,捷达VS5发动机故障报警4S店不解决,"A34,",2021-01-26,处理反馈
567599,雷克萨斯,雷克萨斯ES,2020款 300h 卓越版,雷克萨斯ES发动机机油增多要求厂家处理,"A339,",2021-01-26,厂家受理
567597,长安福特,锐界,2020款 EcoBoost 245 两驱 精锐型 5座,长安福特锐界发动机怠速过高水温无法上升,"A191,",2021-01-26,处理反馈
567595,一汽-大众,探岳,2019款 330TSI 两驱 豪华型 国Ⅵ,一汽大众探岳启动后手套箱出现异响,"H93,",2021-01-26,处理反馈
567592,北京奔驰,奔驰GLC,2020款 GLC 300 L 4MATIC 动感型,北京奔驰GLC发动机抖动故障灯常亮,"A24,A34,",2021-01-26,处理反馈
567589,一汽-大众,捷达,2017款 1.5L 手动 时尚型,一汽大众捷达变速箱挂挡后无法行驶,"B334,",2021-01-26,用户评分
567587,奇瑞汽车,瑞虎3,2014款 1.6L 手动 智尚版 5座,奇瑞瑞虎3天窗周边钣金生锈一直未解决,"H79,",2021-01-26,处理反馈
567585,捷豹,捷豹F-PACE,2016款 2.0T 都市尊享版,进口捷豹F-PACE电瓶亏电经销商不予解决,"H146,I295,",2021-01-26,处理反馈
567583,上汽大众,辉昂,2019款 380TSI 两驱 商务版 国VI,上汽大众辉昂全车多处电路短路 烧坏,"H110,",2021-01-26,处理反馈
567580,一汽-大众,T-ROC探歌,2020款 280TSI DSG 两驱 舒适型,一汽大众探歌方向盘打不动 故障灯亮,"D57,D291,",2021-01-26,用户评分
567578,一汽-大众捷达,捷达VS5,2019款 280TSI 自动 进取型,一汽大众捷达VS5中控台异响找不到具体原因,"H93,",2021-01-26,处理反馈
567576,上汽集团,名爵3,2011款 1.3 手动 舒适版,上汽名爵3承诺报销更换链条费用未兑现,"L314,",2021-01-26,处理反馈
567574,长安福特,探险者,2020款 EcoBoost 285 四驱 钛金版 7座,长安福特探险者动力总成故障警告,"B96,",2021-01-26,处理反馈
567573,东风悦达起亚,起亚K4,2015款 1.8L  自动 GLS Special,东风悦达起亚K4发动机异响经销商不予索赔,"A9,",2021-01-26,处理反馈
567571,一汽-大众,速腾,2020款 200TSI DSG 舒适型 国VI,一汽大众速腾发动机故障灯常亮而且有异响,"A9,A34,",2021-01-26,处理反馈
567569,上汽通用五菱,宝骏E100,2019款 250KM 智行版,宝骏E100动力电池故障导致续航里程短,"H343,",2021-01-26,用户评分
567568,领克,领克01,2021款 2.0TD 两驱 型Pro,领克01自动雨刮速度过快玻璃出现划痕,"H60,",2021-01-26,用户评分
567567,观致汽车,观致3,2018款 1.6T 自动 旗舰型 三厢,观致3发动机熄火启动困难维修无配件更换,"A14,A44,N318,",2021-01-26,信息审核
567566,北京奔驰,奔驰GLB,2020款 改款 GLB 200 动感型,奔驰GLB冷启动发动机熄火故障灯亮天窗异响,"A34,A14,H89,",2021-01-26,处理反馈
